,ds,trend,yhat_lower,yhat_upper,trend_lower,trend_upper,multiplicative_terms,multiplicative_terms_lower,multiplicative_terms_upper,yearly,yearly_lower,yearly_upper,additive_terms,additive_terms_lower,additive_terms_upper,yhat
0,1949-01-01,114.02161699686474,90.71402144181384,116.10269468834281,114.02161699686474,114.02161699686474,-0.08962420117523823,-0.08962420117523823,-0.08962420117523823,-0.08962420117523823,-0.08962420117523823,-0.08962420117523823,0.0,0.0,0.0,103.80252065681178
1,1949-02-01,115.75448358462954,87.44897977484696,113.47578610081382,115.75448358462953,115.75448358462953,-0.13333668398479762,-0.13333668398479762,-0.13333668398479762,-0.13333668398479762,-0.13333668398479762,-0.13333668398479762,0.0,0.0,0.0,100.32016458708235
2,1949-03-01,117.31965340583643,101.65717260064436,128.18488115156117,117.31965340583643,117.31965340583643,-0.02119839908962621,-0.02119839908962621,-0.02119839908962621,-0.02119839908962621,-0.02119839908962621,-0.02119839908962621,0.0,0.0,0.0,114.83266457188289
3,1949-04-01,119.05251999360122,103.9135088625131,128.8232649679677,119.05251999360122,119.05251999360122,-0.022726691434806212,-0.022726691434806212,-0.022726691434806212,-0.022726691434806212,-0.022726691434806212,-0.022726691434806212,0.0,0.0,0.0,116.34685010717055
4,1949-05-01,120.72948765918005,105.97377492304315,132.88455291817476,120.72948765918005,120.72948765918005,-0.011912391097890447,-0.011912391097890447,-0.011912391097890447,-0.011912391097890447,-0.011912391097890447,-0.011912391097890447,0.0,0.0,0.0,119.29131078513596
5,1949-06-01,122.46235424694486,125.69760859429714,151.55918653400698,122.46235424694486,122.46235424694486,0.1283449782341569,0.1283449782341569,0.1283449782341569,0.1283449782341569,0.1283449782341569,0.1283449782341569,0.0,0.0,0.0,138.1797824372726
6,1949-07-01,124.13932189132493,144.71650222049004,170.77085132614425,124.13932189132493,124.13932189132493,0.2646999532055398,0.2646999532055398,0.2646999532055398,0.2646999532055398,0.2646999532055398,0.2646999532055398,0.0,0.0,0.0,156.99899458692607
7,1949-08-01,125.87218845718434,144.32446741785796,170.65944297635565,125.87218845718434,125.87218845718434,0.24897190066919064,0.24897190066919064,0.24897190066919064,0.24897190066919064,0.24897190066919064,0.24897190066919064,0.0,0.0,0.0,157.21082645876007
8,1949-09-01,127.60505502304376,122.45690452847252,148.52308512436306,127.60505502304376,127.60505502304376,0.055767090135329885,0.055767090135329885,0.055767090135329885,0.055767090135329885,0.055767090135329885,0.055767090135329885,0.0,0.0,0.0,134.72121762823758
9,1949-10-01,129.28202266742383,106.68577805543829,132.37586290332027,129.28202266742383,129.28202266742383,-0.07279955126409784,-0.07279955126409784,-0.07279955126409784,-0.07279955126409784,-0.07279955126409784,-0.07279955126409784,0.0,0.0,0.0,119.87034943072045
10,1949-11-01,131.01540816992775,91.47529746591069,118.12425994035179,131.01540816992775,131.01540816992775,-0.2005081360037785,-0.2005081360037785,-0.2005081360037785,-0.2005081360037785,-0.2005081360037785,-0.2005081360037785,0.0,0.0,0.0,104.74575289000133
11,1949-12-01,132.6928780110606,105.11684822679554,129.57442435589272,132.6928780110606,132.6928780110606,-0.11395367628405913,-0.11395367628405913,-0.11395367628405913,-0.11395367628405913,-0.11395367628405913,-0.11395367628405913,0.0,0.0,0.0,117.57203674498805
12,1950-01-01,134.42626351356455,109.41174869913503,134.8825484364047,134.42626351356455,134.42626351356455,-0.09029485131832998,-0.09029485131832998,-0.09029485131832998,-0.09029485131832998,-0.09029485131832998,-0.09029485131832998,0.0,0.0,0.0,122.2882640363286
13,1950-02-01,136.15964901606847,104.91238312810464,130.63130080157032,136.15964901606847,136.15964901606847,-0.13452252333381556,-0.13452252333381556,-0.13452252333381556,-0.13452252333381556,-0.13452252333381556,-0.13452252333381556,0.0,0.0,0.0,117.84310945418027
14,1950-03-01,137.7252875344591,123.12095413921261,149.13149493222102,137.7252875344591,137.7252875344591,-0.01110442264001888,-0.01110442264001888,-0.01110442264001888,-0.01110442264001888,-0.01110442264001888,-0.01110442264001888,0.0,0.0,0.0,136.19592773345835
15,1950-04-01,139.46114243338573,121.6684869042528,148.4991725721184,139.46114243338573,139.46114243338573,-0.03384105661798194,-0.03384105661798194,-0.03384105661798194,-0.03384105661798194,-0.03384105661798194,-0.03384105661798194,0.0,0.0,0.0,134.74163001628906
16,1950-05-01,141.14100201299212,125.47359941991638,152.55174713373438,141.14100201299212,141.14100201299212,-0.011653466316330213,-0.011653466316330213,-0.011653466316330213,-0.011653466316330213,-0.011653466316330213,-0.011653466316330213,0.0,0.0,0.0,139.4962201001806
17,1950-06-01,142.87685691191874,147.40014862236862,172.718813494944,142.87685691191874,142.87685691191874,0.12348591142380705,0.12348591142380705,0.12348591142380705,0.12348591142380705,0.12348591142380705,0.12348591142380705,0.0,0.0,0.0,160.52013580905592
18,1950-07-01,144.55671649152515,170.9207365104594,196.76654090700475,144.55671649152515,144.55671649152515,0.26665273074711077,0.26665273074711077,0.26665273074711077,0.26665273074711077,0.26665273074711077,0.26665273074711077,0.0,0.0,0.0,183.10315969182622
19,1950-08-01,146.6756612809196,170.2777345801471,197.5641960843021,146.6756612809196,146.6756612809196,0.2560726682597184,0.2560726682597184,0.2560726682597184,0.2560726682597184,0.2560726682597184,0.2560726682597184,0.0,0.0,0.0,184.23528923388332
20,1950-09-01,148.79460607031407,144.07911958724074,170.5740572382816,148.79460607031407,148.79460607031407,0.058588744805676204,0.058588744805676204,0.058588744805676204,0.058588744805676204,0.058588744805676204,0.058588744805676204,0.0,0.0,0.0,157.5122952738288
21,1950-10-01,150.84519780198616,126.2183671943125,152.6065189525406,150.84519780198616,150.84519780198616,-0.07748035875649549,-0.07748035875649549,-0.07748035875649549,-0.07748035875649549,-0.07748035875649549,-0.07748035875649549,0.0,0.0,0.0,139.15765775959375
22,1950-11-01,152.96414259138064,109.74077803447813,136.66452834439045,152.96414259138066,152.96414259138066,-0.20184854919793238,-0.20184854919793238,-0.20184854919793238,-0.20184854919793238,-0.20184854919793238,-0.20184854919793238,0.0,0.0,0.0,122.0885523300048
23,1950-12-01,155.01473432305272,124.18403203230714,150.44618889975632,155.01473432305272,155.01473432305272,-0.1134768457976432,-0.1134768457976432,-0.1134768457976432,-0.1134768457976432,-0.1134768457976432,-0.1134768457976432,0.0,0.0,0.0,137.42415121991306
24,1951-01-01,157.14117847699023,130.20275512816647,156.22327956606586,157.14117847699023,157.14117847699023,-0.09093671162246267,-0.09093671162246267,-0.09093671162246267,-0.09093671162246267,-0.09093671162246267,-0.09093671162246267,0.0,0.0,0.0,142.85127644581425
25,1951-02-01,159.26762263092783,124.2540670569658,149.98922331692953,159.26762263092783,159.26762263092783,-0.13555658235468163,-0.13555658235468163,-0.13555658235468163,-0.13555658235468163,-0.13555658235468163,-0.13555658235468163,0.0,0.0,0.0,137.6778480273241
26,1951-03-01,161.18828186674236,148.53185614038455,175.0732956677367,161.1882818667424,161.1882818667424,-0.001218673744167331,-0.001218673744167331,-0.001218673744167331,-0.001218673744167331,-0.001218673744167331,-0.001218673744167331,0.0,0.0,0.0,160.99184593976392
27,1951-04-01,163.31472602067993,142.3345213305146,169.00700894999892,163.31472602067993,163.31472602067993,-0.045115505911338116,-0.045115505911338116,-0.045115505911338116,-0.045115505911338116,-0.045115505911338116,-0.045115505911338116,0.0,0.0,0.0,155.94669953348537
28,1951-05-01,165.3725758969965,150.046207422167,176.89323322302513,165.3725758969965,165.3725758969965,-0.011294817875240844,-0.011294817875240844,-0.011294817875240844,-0.011294817875240844,-0.011294817875240844,-0.011294817875240844,0.0,0.0,0.0,163.50472277068047
29,1951-06-01,167.49902076919028,175.2513099256886,201.1068403007957,167.49902076919028,167.49902076919028,0.1187241516644555,0.1187241516644555,0.1187241516644555,0.1187241516644555,0.1187241516644555,0.1187241516644555,0.0,0.0,0.0,187.3851999146394
30,1951-07-01,169.55687064550685,201.1167669925236,228.2918550524435,169.55687064550682,169.55687064550682,0.2687343963088829,0.2687343963088829,0.2687343963088829,0.2687343963088829,0.2687343963088829,0.2687343963088829,0.0,0.0,0.0,215.12263391845048
31,1951-08-01,171.68331551770063,204.4441782981062,229.38499678158115,171.68331551770063,171.68331551770063,0.2631211628357734,0.2631211628357734,0.2631211628357734,0.2631211628357734,0.2631211628357734,0.2631211628357734,0.0,0.0,0.0,216.856829136219
32,1951-09-01,173.80976038989442,171.75210361402236,197.2594553817075,173.80976038989442,173.80976038989442,0.06123337556122116,0.06123337556122116,0.06123337556122116,0.06123337556122116,0.06123337556122116,0.06123337556122116,0.0,0.0,0.0,184.45271872405468
33,1951-10-01,175.86761036070064,148.61258441140106,174.3550640316377,175.86761036070064,175.86761036070064,-0.08222922839331068,-0.08222922839331068,-0.08222922839331068,-0.08222922839331068,-0.08222922839331068,-0.08222922839331068,0.0,0.0,0.0,161.4061524613648
34,1951-11-01,177.9940553305337,128.41199282186304,155.11108833100988,177.9940553305337,177.9940553305337,-0.20308198056344212,-0.20308198056344212,-0.20308198056344212,-0.20308198056344212,-0.20308198056344212,-0.20308198056344212,0.0,0.0,0.0,141.84667004549004
35,1951-12-01,180.05190530133993,146.44147489376195,172.8571028160403,180.05190530133993,180.05190530133993,-0.11296182468750698,-0.11296182468750698,-0.11296182468750698,-0.11296182468750698,-0.11296182468750698,-0.11296182468750698,0.0,0.0,0.0,159.71291354003836
36,1952-01-01,182.17835027117303,152.81068917113893,178.25725792512614,182.17835027117303,182.17835027117303,-0.09154921151665528,-0.09154921151665528,-0.09154921151665528,-0.09154921151665528,-0.09154921151665528,-0.09154921151665528,0.0,0.0,0.0,165.50006594844209
37,1952-02-01,184.30479521427162,146.70816874884335,172.72619452789263,184.30479521427162,184.30479521427162,-0.13644078614221247,-0.13644078614221247,-0.13644078614221247,-0.13644078614221247,-0.13644078614221247,-0.13644078614221247,0.0,0.0,0.0,159.15810406545694
38,1952-03-01,186.29405016104127,168.00035630287232,193.61971051817034,186.29405016104127,186.29405016104127,-0.03149106557838926,-0.03149106557838926,-0.03149106557838926,-0.03149106557838926,-0.03149106557838926,-0.03149106557838926,0.0,0.0,0.0,180.42745201055618
39,1952-04-01,188.42049510413983,174.61118720200503,198.95943095257763,188.42049510413983,188.42049510413983,-0.011782675409553732,-0.011782675409553732,-0.011782675409553732,-0.011782675409553732,-0.011782675409553732,-0.011782675409553732,0.0,0.0,0.0,186.20039756982035
40,1952-05-01,190.47834504907394,174.80698307884853,200.6785613023509,190.47834504907394,190.47834504907394,-0.012074789074526101,-0.012074789074526101,-0.012074789074526101,-0.012074789074526101,-0.012074789074526101,-0.012074789074526101,0.0,0.0,0.0,188.17835920934158
41,1952-06-01,192.60478999217256,204.021514895005,231.17117836087957,192.60478999217256,192.60478999217256,0.13329771791908343,0.13329771791908343,0.13329771791908343,0.13329771791908343,0.13329771791908343,0.13329771791908343,0.0,0.0,0.0,218.2785689584135
42,1952-07-01,194.6626399355291,233.3880918150986,259.1237147163252,194.6626399355291,194.6626399355291,0.2628803781753637,0.2628803781753637,0.2628803781753637,0.2628803781753637,0.2628803781753637,0.2628803781753637,0.0,0.0,0.0,245.83562833839565
43,1952-08-01,196.78908487699758,231.56872207371782,257.24989168231235,196.78908487699758,196.78908487699758,0.24182730365088748,0.24182730365088748,0.24182730365088748,0.24182730365088748,0.24182730365088748,0.24182730365088748,0.0,0.0,0.0,244.37805866072756
44,1952-09-01,198.91552981846604,195.94311874804615,223.5953368104008,198.91552981846604,198.91552981846604,0.052770510844457115,0.052770510844457115,0.052770510844457115,0.052770510844457115,0.052770510844457115,0.052770510844457115,0.0,0.0,0.0,209.41240394188233
45,1952-10-01,200.97337976182263,173.6196597270694,200.1339678586808,200.97337976182263,200.97337976182263,-0.06819394629013463,-0.06819394629013463,-0.06819394629013463,-0.06819394629013463,-0.06819394629013463,-0.06819394629013463,0.0,0.0,0.0,187.26821189659807
46,1952-11-01,203.0998247032911,149.80987157688529,175.64503547443675,203.0998247032911,203.0998247032911,-0.19906420169811756,-0.19906420169811756,-0.19906420169811756,-0.19906420169811756,-0.19906420169811756,-0.19906420169811756,0.0,0.0,0.0,162.66992023370284
47,1952-12-01,205.15767465488076,168.42460388113426,194.49091008104756,205.15767465488076,205.15767465488076,-0.11439180703126309,-0.11439180703126309,-0.11439180703126309,-0.11439180703126309,-0.11439180703126309,-0.11439180703126309,0.0,0.0,0.0,181.689317524777
48,1953-01-01,207.2841196048568,175.82639486759692,201.25920592788742,207.2841196048568,207.2841196048568,-0.08962420117521723,-0.08962420117521723,-0.08962420117521723,-0.08962420117521723,-0.08962420117521723,-0.08962420117521723,0.0,0.0,0.0,188.70644596896335
49,1953-02-01,209.41056455483286,168.04211861379716,194.63796082292953,209.41056455483286,209.41056455483286,-0.1333366839847996,-0.1333366839847996,-0.1333366839847996,-0.1333366839847996,-0.1333366839847996,-0.1333366839847996,0.0,0.0,0.0,181.48845428570664
50,1953-03-01,211.3312245096499,192.92773411610418,219.79442286615006,211.3312245096499,211.3312245096499,-0.021198399089608966,-0.021198399089608966,-0.021198399089608966,-0.021198399089608966,-0.021198399089608966,-0.021198399089608966,0.0,0.0,0.0,206.8513408723986
51,1953-04-01,213.45766944574706,195.26563612734668,221.19182973392145,213.45766944574706,213.45766944574706,-0.022726691434861758,-0.022726691434861758,-0.022726691434861758,-0.022726691434861758,-0.022726691434861758,-0.022726691434861758,0.0,0.0,0.0,208.60648285784885
52,1953-05-01,215.5155193839056,200.192907473796,225.62081945958502,215.5155193839056,215.5155193839056,-0.011912391097877516,-0.011912391097877516,-0.011912391097877516,-0.011912391097877516,-0.011912391097877516,-0.011912391097877516,0.0,0.0,0.0,212.9482142293423
53,1953-06-01,217.6419643200028,232.11850911473957,258.76296379085363,217.6419643200028,217.6419643200028,0.12834497823415558,0.12834497823415558,0.12834497823415558,0.12834497823415558,0.12834497823415558,0.12834497823415558,0.0,0.0,0.0,245.57521749349246
54,1953-07-01,219.69981425816133,264.52779631428405,291.06884816215086,219.69981425816133,219.69981425816133,0.2646999532055367,0.2646999532055367,0.2646999532055367,0.2646999532055367,0.2646999532055367,0.2646999532055367,0.0,0.0,0.0,277.85434481156176
55,1953-08-01,221.8262591942585,264.3339369507521,290.43635980670814,221.8262591942585,221.8262591942585,0.24897190066921565,0.24897190066921565,0.24897190066921565,0.24897190066921565,0.24897190066921565,0.24897190066921565,0.0,0.0,0.0,277.0547645641951
56,1953-09-01,223.95270411408623,223.24180662133662,249.54336349948187,223.95270411408623,223.95270411408623,0.05576709013535345,0.05576709013535345,0.05576709013535345,0.05576709013535345,0.05576709013535345,0.05576709013535345,0.0,0.0,0.0,236.44189475047264
57,1953-10-01,226.01055403650014,197.3125119378963,222.38427713504908,226.01055403650014,226.01055403650014,-0.0727995512641107,-0.0727995512641107,-0.0727995512641107,-0.0727995512641107,-0.0727995512641107,-0.0727995512641107,0.0,0.0,0.0,209.5570871216899
58,1953-11-01,228.1369989563279,169.77112203973996,195.80611694077433,228.1369989563279,228.1369989563279,-0.20050813600376516,-0.20050813600376516,-0.20050813600376516,-0.20050813600376516,-0.20050813600376516,-0.20050813600376516,0.0,0.0,0.0,182.39367454210168
59,1953-12-01,230.19484887874177,190.55086526841475,216.33455930000346,230.19484887874177,230.19484887874177,-0.11395367628406419,-0.11395367628406419,-0.11395367628406419,-0.11395367628406419,-0.11395367628406419,-0.11395367628406419,0.0,0.0,0.0,203.96329958735456
60,1954-01-01,232.32129504740567,198.27281863412782,224.59698164267851,232.32129504740567,232.32129504740567,-0.09029485131834034,-0.09029485131834034,-0.09029485131834034,-0.09029485131834034,-0.09029485131834034,-0.09029485131834034,0.0,0.0,0.0,211.3438782530159
61,1954-02-01,234.4477412160696,188.8039285715339,215.35819927902767,234.4477412160696,234.4477412160696,-0.13452252333383005,-0.13452252333383005,-0.13452252333383005,-0.13452252333383005,-0.13452252333383005,-0.13452252333383005,0.0,0.0,0.0,202.90923947776713
62,1954-03-01,236.36840227163702,220.5373454075608,246.18203234468817,236.36840227163702,236.36840227163702,-0.011104422639973553,-0.011104422639973553,-0.011104422639973553,-0.011104422639973553,-0.011104422639973553,-0.011104422639973553,0.0,0.0,0.0,233.74366763407747
63,1954-04-01,238.49484844030093,217.04603142198928,242.79140401061073,238.49484844030093,238.49484844030093,-0.03384105661805021,-0.03384105661805021,-0.03384105661805021,-0.03384105661805021,-0.03384105661805021,-0.03384105661805021,0.0,0.0,0.0,230.4239307711194
64,1954-05-01,240.552699571266,225.36435734963823,251.4521237653873,240.55269957126598,240.55269957126598,-0.01165346631633442,-0.01165346631633442,-0.01165346631633442,-0.01165346631633442,-0.01165346631633442,-0.01165346631633442,0.0,0.0,0.0,237.74942678950893
65,1954-06-01,243.35345353242496,260.18186778380357,286.07942037216367,243.35345353242496,243.35345353242496,0.12348591142378235,0.12348591142378235,0.12348591142378235,0.12348591142378235,0.12348591142378235,0.12348591142378235,0.0,0.0,0.0,273.4041765400015
66,1954-07-01,246.06386059161105,299.27508752039813,324.66226365902247,246.06386059161105,246.06386059161105,0.26665273074711016,0.26665273074711016,0.26665273074711016,0.26665273074711016,0.26665273074711016,0.26665273074711016,0.0,0.0,0.0,311.6774609565403
67,1954-08-01,248.86461455276998,299.4899609000522,325.13369433339375,248.86461455276998,248.86461455276998,0.2560726682597409,0.2560726682597409,0.2560726682597409,0.2560726682597409,0.2560726682597409,0.2560726682597409,0.0,0.0,0.0,312.59204043672975
68,1954-09-01,251.66536851392894,252.00391668802627,279.37369249873916,251.66536851392894,251.66536851392894,0.05858874480568245,0.05858874480568245,0.05858874480568245,0.05858874480568245,0.05858874480568245,0.05858874480568245,0.0,0.0,0.0,266.41012656621956
69,1954-10-01,254.9607767565135,221.28943990905992,248.84510230865328,254.9607767565135,254.9607767565135,-0.0774803587565139,-0.0774803587565139,-0.0774803587565139,-0.0774803587565139,-0.0774803587565139,-0.0774803587565139,0.0,0.0,0.0,235.20632430457937
70,1954-11-01,258.3660319405176,193.1992634219641,218.76854311075707,258.3660319405176,258.3660319405176,-0.20184854919794887,-0.20184854919794887,-0.20184854919794887,-0.20184854919794887,-0.20184854919794887,-0.20184854919794887,0.0,0.0,0.0,206.21522323129318
71,1954-12-01,261.66144018310223,218.9637584900485,245.27937350962952,261.66144018310223,261.66144018310223,-0.11347684579763473,-0.11347684579763473,-0.11347684579763473,-0.11347684579763473,-0.11347684579763473,-0.11347684579763473,0.0,0.0,0.0,231.96892528425732
72,1955-01-01,265.06669536710626,227.58933016791144,254.11104921865294,265.06669536710626,265.06669536710626,-0.09093671162247405,-0.09093671162247405,-0.09093671162247405,-0.09093671162247405,-0.09093671162247405,-0.09093671162247405,0.0,0.0,0.0,240.96240172978554
73,1955-02-01,268.47195055111035,218.6083088697718,244.75924911571778,268.47195055111035,268.47195055111035,-0.13555658235468784,-0.13555658235468784,-0.13555658235468784,-0.13555658235468784,-0.13555658235468784,-0.13555658235468784,0.0,0.0,0.0,232.07881047630508
74,1955-03-01,271.54766522887513,257.1681088583203,284.11124051387594,271.54766522887513,271.54766522887513,-0.0012186737441704553,-0.0012186737441704553,-0.0012186737441704553,-0.0012186737441704553,-0.0012186737441704553,-0.0012186737441704553,0.0,0.0,0.0,271.2167372189699
75,1955-04-01,274.9529207649719,249.34745530144738,276.17248845183144,274.9529207649719,274.9529207649719,-0.04511550591135171,-0.04511550591135171,-0.04511550591135171,-0.04511550591135171,-0.04511550591135171,-0.04511550591135171,0.0,0.0,0.0,262.5482806428564
76,1955-05-01,278.24832934829135,261.28282201293433,287.1335124327851,278.24832934829135,278.24832934829135,-0.011294817875241224,-0.011294817875241224,-0.011294817875241224,-0.011294817875241224,-0.011294817875241224,-0.011294817875241224,0.0,0.0,0.0,275.1055651442123
77,1955-06-01,281.6535848843881,302.45815019446025,329.12032679311426,281.6535848843881,281.6535848843881,0.11872415166445308,0.11872415166445308,0.11872415166445308,0.11872415166445308,0.11872415166445308,0.11872415166445308,0.0,0.0,0.0,315.0926678130391
78,1955-07-01,284.9489934677076,347.76830485958516,374.46937583259034,284.9489934677076,284.9489934677076,0.2687343963088845,0.2687343963088845,0.2687343963088845,0.2687343963088845,0.2687343963088845,0.2687343963088845,0.0,0.0,0.0,361.5245892060763
79,1955-08-01,288.3542490378931,351.1455604500843,377.81016826724573,288.3542490378931,288.3542490378931,0.2631211628357803,0.2631211628357803,0.2631211628357803,0.2631211628357803,0.2631211628357803,0.2631211628357803,0.0,0.0,0.0,364.22635435338174
80,1955-09-01,291.75950460807866,296.4180978160703,323.2114691193406,291.75950460807866,291.75950460807866,0.061233375561232976,0.061233375561232976,0.061233375561232976,0.061233375561232976,0.061233375561232976,0.061233375561232976,0.0,0.0,0.0,309.6249239273044
81,1955-10-01,295.0549132243872,256.8879403841354,284.73064843688604,295.0549132243872,295.0549132243872,-0.08222922839331252,-0.08222922839331252,-0.08222922839331252,-0.08222922839331252,-0.08222922839331252,-0.08222922839331252,0.0,0.0,0.0,270.79277537629
82,1955-11-01,298.46016879457267,224.9122863726702,251.21360041005087,298.46016879457267,298.46016879457267,-0.2030819805634478,-0.2030819805634478,-0.2030819805634478,-0.2030819805634478,-0.2030819805634478,-0.2030819805634478,0.0,0.0,0.0,237.8482865964699
83,1955-12-01,301.7555773868539,254.92730971425684,280.13700785192407,301.7555773868539,301.7555773868539,-0.11296182468750848,-0.11296182468750848,-0.11296182468750848,-0.11296182468750848,-0.11296182468750848,-0.11296182468750848,0.0,0.0,0.0,267.6687167556022
84,1956-01-01,305.16083293221106,263.8751217609345,289.19519338714343,305.16083293221106,305.16083293221106,-0.09154921151665521,-0.09154921151665521,-0.09154921151665521,-0.09154921151665521,-0.09154921151665521,-0.09154921151665521,0.0,0.0,0.0,277.2235992915014
85,1956-02-01,308.5660884775683,253.64001975415377,279.7421385043957,308.5660884775683,308.5660884775683,-0.13644078614219624,-0.13644078614219624,-0.13644078614219624,-0.13644078614219624,-0.13644078614219624,-0.13644078614219624,0.0,0.0,0.0,266.4650887888664
86,1956-03-01,311.7516501167735,288.2685471089929,313.8123748205658,311.7516501167735,311.7516501167735,-0.03149106557837989,-0.03149106557837989,-0.03149106557837989,-0.03149106557837989,-0.03149106557837989,-0.03149106557837989,0.0,0.0,0.0,301.934258458778
87,1956-04-01,315.1569056621307,299.0197436211135,325.04650971437843,315.1569056621307,315.1569056621307,-0.01178267540957354,-0.01178267540957354,-0.01178267540957354,-0.01178267540957354,-0.01178267540957354,-0.01178267540957354,0.0,0.0,0.0,311.44351413962823
88,1956-05-01,318.44992928796637,300.57947622507976,327.7694503422477,318.44992928796637,318.44992928796637,-0.012074789074523733,-0.012074789074523733,-0.012074789074523733,-0.012074789074523733,-0.012074789074523733,-0.012074789074523733,0.0,0.0,0.0,314.60471356101715
89,1956-06-01,321.85272036799665,351.4692808270919,377.8467091601671,321.85272036799665,321.85272036799665,0.1332977179190911,0.1332977179190911,0.1332977179190911,0.1332977179190911,0.1332977179190911,0.1332977179190911,0.0,0.0,0.0,364.754953499102
90,1956-07-01,325.14574399383235,397.8873603577099,424.4881370093417,325.1457439938323,325.1457439938323,0.26288037817538656,0.26288037817538656,0.26288037817538656,0.26288037817538656,0.26288037817538656,0.26288037817538656,0.0,0.0,0.0,410.6201801370484
91,1956-08-01,328.54853507386264,395.257714746203,421.34250765231354,328.54853507386264,328.54853507386264,0.24182730365088695,0.24182730365088695,0.24182730365088695,0.24182730365088695,0.24182730365088695,0.24182730365088695,0.0,0.0,0.0,408.0005414292237
92,1956-09-01,331.65481158206074,336.3346656658071,362.80140119161405,331.65481158206074,331.65481158206074,0.0527705108444479,0.0527705108444479,0.0527705108444479,0.0527705108444479,0.0527705108444479,0.0527705108444479,0.0,0.0,0.0,349.1564054132652
93,1956-10-01,334.66088562225247,298.36803786709925,324.39464402103647,334.66088562225247,334.66088562225247,-0.06819394629013358,-0.06819394629013358,-0.06819394629013358,-0.06819394629013358,-0.06819394629013358,-0.06819394629013358,0.0,0.0,0.0,311.83903916272004
94,1956-11-01,337.7671621304505,258.04928861733686,283.8754228370421,337.7671621304505,337.7671621304505,-0.1990642016981246,-0.1990642016981246,-0.1990642016981246,-0.1990642016981246,-0.1990642016981246,-0.1990642016981246,0.0,0.0,0.0,270.5298116411114
95,1956-12-01,340.7732361706423,288.2995777852409,314.9351160809983,340.7732361706423,340.7732361706423,-0.11439180703125733,-0.11439180703125733,-0.11439180703125733,-0.11439180703125733,-0.11439180703125733,-0.11439180703125733,0.0,0.0,0.0,301.7915698971931
96,1957-01-01,343.8795126788404,299.38138499578497,326.4411358577721,343.8795126788404,343.8795126788404,-0.08962420117524021,-0.08962420117524021,-0.08962420117524021,-0.08962420117524021,-0.08962420117524021,-0.08962420117524021,0.0,0.0,0.0,313.05958605446847
97,1957-02-01,346.64891113407185,286.98508743644203,314.45851989350734,346.64891113407185,346.64891113407185,-0.13333668398479412,-0.13333668398479412,-0.13333668398479412,-0.13333668398479412,-0.13333668398479412,-0.13333668398479412,0.0,0.0,0.0,300.4278948165151
98,1957-03-01,349.1503032871841,328.74557104469034,354.72624195269117,349.1503032871841,349.1503032871841,-0.02119839908962758,-0.02119839908962758,-0.02119839908962758,-0.02119839908962758,-0.02119839908962758,-0.02119839908962758,0.0,0.0,0.0,341.74887581583783
99,1957-04-01,351.9197017424156,330.62808757790935,357.5393222316162,351.9197017424156,351.9197017424156,-0.022726691434822394,-0.022726691434822394,-0.022726691434822394,-0.022726691434822394,-0.022726691434822394,-0.022726691434822394,0.0,0.0,0.0,343.921731271081
100,1957-05-01,354.5997647636073,336.9507785064369,363.6492781879733,354.5997647636073,354.5997647636073,-0.01191239109787391,-0.01191239109787391,-0.01191239109787391,-0.01191239109787391,-0.01191239109787391,-0.01191239109787391,0.0,0.0,0.0,350.37563368252916
101,1957-06-01,357.1923537760127,390.28289430131764,415.83442555872995,357.1923537760127,357.1923537760127,0.12834497823416996,0.12834497823416996,0.12834497823416996,0.12834497823416996,0.12834497823416996,0.12834497823416996,0.0,0.0,0.0,403.03619864680695
102,1957-07-01,359.70131088479224,441.8936588445476,467.7301859345594,359.70131088479224,359.70131088479224,0.2646999532055312,0.2646999532055312,0.2646999532055312,0.2646999532055312,0.2646999532055312,0.2646999532055312,0.0,0.0,0.0,454.91423104396495
103,1957-08-01,362.2938998971976,440.5128135308572,466.0858123149282,362.2938998971976,362.2938998971976,0.24897190066918395,0.24897190066918395,0.24897190066918395,0.24897190066918395,0.24897190066918395,0.24897190066918395,0.0,0.0,0.0,452.49490075545395
104,1957-09-01,364.88648890960314,371.4417307177891,398.5141461368156,364.88648890960314,364.88648890960314,0.05576709013533745,0.05576709013533745,0.05576709013533745,0.05576709013533745,0.05576709013533745,0.05576709013533745,0.0,0.0,0.0,385.2351466257918
105,1957-10-01,367.3954460183826,327.4621103463529,354.02899093459916,367.3954460183826,367.3954460183826,-0.07279955126408626,-0.07279955126408626,-0.07279955126408626,-0.07279955126408626,-0.07279955126408626,-0.07279955126408626,0.0,0.0,0.0,340.6492224117755
106,1957-11-01,369.98803503529916,282.45534122680465,308.40572547432964,369.98803503529916,369.98803503529916,-0.2005081360037682,-0.2005081360037682,-0.2005081360037682,-0.2005081360037682,-0.2005081360037682,-0.2005081360037682,0.0,0.0,0.0,295.80242378667447
107,1957-12-01,372.4969921484443,316.8526427611313,343.2346980336639,372.4969921484443,372.4969921484443,-0.11395367628406199,-0.11395367628406199,-0.11395367628406199,-0.11395367628406199,-0.11395367628406199,-0.11395367628406199,0.0,0.0,0.0,330.0495904883737
108,1958-01-01,375.0895811653608,327.49686346303366,354.4727962972782,375.0895811653608,375.0895811653608,-0.0902948513183322,-0.0902948513183322,-0.0902948513183322,-0.0902948513183322,-0.0902948513183322,-0.0902948513183322,0.0,0.0,0.0,341.22092320297907
109,1958-02-01,377.6821701822774,313.14376151890866,339.78298809720025,377.6821701822774,377.6821701822774,-0.13452252333381176,-0.13452252333381176,-0.13452252333381176,-0.13452252333381176,-0.13452252333381176,-0.13452252333381176,0.0,0.0,0.0,326.8754116311673
110,1958-03-01,380.02386351989554,362.21406354872147,388.85054486078536,380.02386351989554,380.02386351989554,-0.011104422639992537,-0.011104422639992537,-0.011104422639992537,-0.011104422639992537,-0.011104422639992537,-0.011104422639992537,0.0,0.0,0.0,375.80391792608776
111,1958-04-01,382.61645257225854,356.0712955156438,382.5834968061476,382.61645257225854,382.61645257225854,-0.03384105661800337,-0.03384105661800337,-0.03384105661800337,-0.03384105661800337,-0.03384105661800337,-0.03384105661800337,0.0,0.0,0.0,369.6683075377811
112,1958-05-01,385.12540971970657,367.39639413578675,394.19042222350726,385.12540971970657,385.12540971970657,-0.011653466316330052,-0.011653466316330052,-0.011653466316330052,-0.011653466316330052,-0.011653466316330052,-0.011653466316330052,0.0,0.0,0.0,380.63736372997516
113,1958-06-01,387.7179987720695,422.10626725699484,448.5545404671803,387.7179987720695,387.7179987720695,0.12348591142380451,0.12348591142380451,0.12348591142380451,0.12348591142380451,0.12348591142380451,0.12348591142380451,0.0,0.0,0.0,435.59570922585203
114,1958-07-01,390.2269559195176,480.8465097099823,507.20095724855867,390.2269559195176,390.2269559195176,0.2666527307471142,0.2666527307471142,0.2666527307471142,0.2666527307471142,0.2666527307471142,0.2666527307471142,0.0,0.0,0.0,494.28203932659073
115,1958-08-01,393.8012621238279,480.73260959700735,507.75407401642593,393.8012621238279,393.8012621238279,0.2560726682597105,0.2560726682597105,0.2560726682597105,0.2560726682597105,0.2560726682597105,0.2560726682597105,0.0,0.0,0.0,494.6430020799182
116,1958-09-01,397.3755683281383,406.432122994633,432.8300476649689,397.3755683281383,397.3755683281383,0.05858874480565401,0.05858874480565401,0.05858874480565401,0.05858874480565401,0.05858874480565401,0.05858874480565401,0.0,0.0,0.0,420.6573040929173
117,1958-10-01,400.8345743323096,356.8662575886557,383.86068549586406,400.8345743323096,400.8345743323096,-0.07748035875650999,-0.07748035875650999,-0.07748035875650999,-0.07748035875650999,-0.07748035875650999,-0.07748035875650999,0.0,0.0,0.0,369.7777677110293
118,1958-11-01,404.4088805366201,309.0225896593787,336.503361634261,404.4088805366201,404.4088805366201,-0.20184854919794834,-0.20184854919794834,-0.20184854919794834,-0.20184854919794834,-0.20184854919794834,-0.20184854919794834,0.0,0.0,0.0,322.7795347175369
119,1958-12-01,407.8678865407914,349.43277903834814,374.4847512241231,407.8678865407914,407.8678865407914,-0.11347684579763252,-0.11347684579763252,-0.11347684579763252,-0.11347684579763252,-0.11347684579763252,-0.11347684579763252,0.0,0.0,0.0,361.5843252739958
120,1959-01-01,411.44219274510175,361.6081644247168,387.7156137156592,411.44219274510175,411.44219274510175,-0.09093671162245832,-0.09093671162245832,-0.09093671162245832,-0.09093671162245832,-0.09093671162245832,-0.09093671162245832,0.0,0.0,0.0,374.02699271412854
121,1959-02-01,415.0164989494121,346.35219818918796,371.42404147026053,415.01649894941204,415.01649894941204,-0.13555658235468712,-0.13555658235468712,-0.13555658235468712,-0.13555658235468712,-0.13555658235468712,-0.13555658235468712,0.0,0.0,0.0,358.7582807310222
122,1959-03-01,418.24490455330533,404.45427753315766,430.3684485941037,418.24490455330533,418.24490455330533,-0.0012186737441686986,-0.0012186737441686986,-0.0012186737441686986,-0.0012186737441686986,-0.0012186737441686986,-0.0012186737441686986,0.0,0.0,0.0,417.73520046949386
123,1959-04-01,421.81921075761574,389.88973536661166,417.1035271549792,421.81921075761574,421.81921075761574,-0.045115505911350225,-0.045115505911350225,-0.045115505911350225,-0.045115505911350225,-0.045115505911350225,-0.045115505911350225,0.0,0.0,0.0,402.7886236611594
124,1959-05-01,425.27821676178706,406.6897753687071,433.84506540668076,425.27821676178706,425.27821676178706,-0.011294817875240042,-0.011294817875240042,-0.011294817875240042,-0.011294817875240042,-0.011294817875240042,-0.011294817875240042,0.0,0.0,0.0,420.47477675715584
125,1959-06-01,428.8525229660975,466.67855479906143,492.79963729984,428.8525229660975,428.8525229660975,0.11872415166445378,0.11872415166445378,0.11872415166445378,0.11872415166445378,0.11872415166445378,0.11872415166445378,0.0,0.0,0.0,479.7676749444081
126,1959-07-01,432.31152897026885,535.3122138472373,561.5101192962683,432.31152897026885,432.31152897026885,0.26873439630889584,0.26873439630889584,0.26873439630889584,0.26873439630889584,0.26873439630889584,0.26873439630889584,0.0,0.0,0.0,548.4885067254697
127,1959-08-01,435.88583517457914,538.1085926734388,563.8263712173647,435.88583517457914,435.88583517457914,0.2631211628357847,0.2631211628357847,0.2631211628357847,0.2631211628357847,0.2631211628357847,0.2631211628357847,0.0,0.0,0.0,550.5766229893617
128,1959-09-01,439.46014137888955,452.53343307402383,478.92836980548975,439.46014137888955,439.46014137888955,0.06123337556123619,0.06123337556123619,0.06123337556123619,0.06123337556123619,0.06123337556123619,0.06123337556123619,0.0,0.0,0.0,466.36976926013705
129,1959-10-01,442.9191473830609,393.2488044998136,419.5305402602836,442.9191473830609,442.9191473830609,-0.08222922839332572,-0.08222922839332572,-0.08222922839332572,-0.08222922839332572,-0.08222922839332572,-0.08222922839332572,0.0,0.0,0.0,406.49824765312206
130,1959-11-01,446.49345358737133,342.05187526424083,368.4132623604899,446.49345358737133,446.49345358737133,-0.20308198056344198,-0.20308198056344198,-0.20308198056344198,-0.20308198056344198,-0.20308198056344198,-0.20308198056344198,0.0,0.0,0.0,355.8186787242367
131,1959-12-01,449.95245959154266,386.6027321845728,411.89787220595593,449.95245959154266,449.95245959154266,-0.1129618246875037,-0.1129618246875037,-0.1129618246875037,-0.1129618246875037,-0.1129618246875037,-0.1129618246875037,0.0,0.0,0.0,399.12500873345175
132,1960-01-01,453.52676579585295,398.0605625100728,424.27975651207043,453.52676579585295,453.52676579585295,-0.0915492115166547,-0.0915492115166547,-0.0915492115166547,-0.0915492115166547,-0.0915492115166547,-0.0915492115166547,0.0,0.0,0.0,412.00674798554405
133,1960-02-01,457.10107200016336,382.06941995372665,408.08314932121044,457.1010720001633,457.1010720001633,-0.1364407861422029,-0.1364407861422029,-0.1364407861422029,-0.1364407861422029,-0.1364407861422029,-0.1364407861422029,0.0,0.0,0.0,394.7338423900174
134,1960-03-01,460.44477780419567,432.9919317100428,459.29651747076235,460.44477780419567,460.44477780419567,-0.031491065578377775,-0.031491065578377775,-0.031491065578377775,-0.031491065578377775,-0.031491065578377775,-0.031491065578377775,0.0,0.0,0.0,445.94488111114214
135,1960-04-01,464.01908400850607,446.07972848439164,471.3971024625551,464.01908400850607,464.01908400850607,-0.011782675409569498,-0.011782675409569498,-0.011782675409569498,-0.011782675409569498,-0.011782675409569498,-0.011782675409569498,0.0,0.0,0.0,458.5516977577881
136,1960-05-01,467.4780900126774,448.27270747091194,474.509662598124,467.4780900126774,467.4780900126774,-0.012074789074508614,-0.012074789074508614,-0.012074789074508614,-0.012074789074508614,-0.012074789074508614,-0.012074789074508614,0.0,0.0,0.0,461.83339067882014
137,1960-06-01,471.0523962169878,520.1072524926306,547.026123869383,471.0523962169878,471.0523962169878,0.13329771791909303,0.13329771791909303,0.13329771791909303,0.13329771791909303,0.13329771791909303,0.13329771791909303,0.0,0.0,0.0,533.8426056530327
138,1960-07-01,474.5114022211591,586.039180484542,611.8381665882771,474.5114022211591,474.5114022211591,0.2628803781753719,0.2628803781753719,0.2628803781753719,0.2628803781753719,0.2628803781753719,0.2628803781753719,0.0,0.0,0.0,599.2511390855834
139,1960-08-01,478.0857084254695,579.8530053392923,606.8754360834819,478.0857084254695,478.0857084254695,0.2418273036508783,0.2418273036508783,0.2418273036508783,0.2418273036508783,0.2418273036508783,0.2418273036508783,0.0,0.0,0.0,593.6998862080208
140,1960-09-01,481.6600146297799,493.111988646419,519.6589367362357,481.6600146297799,481.6600146297799,0.05277051084446518,0.05277051084446518,0.05277051084446518,0.05277051084446518,0.05277051084446518,0.05277051084446518,0.0,0.0,0.0,507.0774596551459
141,1960-10-01,485.1190206339512,439.44821906628346,464.90901105218154,485.1190206339512,485.1190206339512,-0.0681939462901284,-0.0681939462901284,-0.0681939462901284,-0.0681939462901284,-0.0681939462901284,-0.0681939462901284,0.0,0.0,0.0,452.03684019651985
142,1960-11-01,488.6933268382616,377.86276530026504,404.50779093208587,488.6933268382616,488.6933268382616,-0.19906420169812286,-0.19906420169812286,-0.19906420169812286,-0.19906420169812286,-0.19906420169812286,-0.19906420169812286,0.0,0.0,0.0,391.4119798560032
143,1960-12-01,492.1523328424329,423.5751741112011,449.43545638872655,492.1523328424329,492.1523328424329,-0.11439180703125877,-0.11439180703125877,-0.11439180703125877,-0.11439180703125877,-0.11439180703125877,-0.11439180703125877,0.0,0.0,0.0,435.85413815393747
144,1961-01-01,495.7266390467433,437.20145649473886,465.50560501250175,495.7266390467433,495.7266390467433,-0.0896242011752246,-0.0896242011752246,-0.0896242011752246,-0.0896242011752246,-0.0896242011752246,-0.0896242011752246,0.0,0.0,0.0,451.2975350209
145,1961-02-01,499.30094525105363,419.08483292006207,446.0702536063831,499.26516370840324,499.33904705331446,-0.13333668398480375,-0.13333668398480375,-0.13333668398480375,-0.13333668398480375,-0.13333668398480375,-0.13333668398480375,0.0,0.0,0.0,432.72581290080007
146,1961-03-01,502.5293508549469,478.58472960531213,505.3142600299958,502.39796062372443,502.6433110493535,-0.021198399089634324,-0.021198399089634324,-0.021198399089634324,-0.021198399089634324,-0.021198399089634324,-0.021198399089634324,0.0,0.0,0.0,491.8765331212689
147,1961-04-01,506.10365705925733,481.66337752799234,507.39468200315065,505.847720430677,506.3266949211781,-0.0227266914348169,-0.0227266914348169,-0.0227266914348169,-0.0227266914348169,-0.0227266914348169,-0.0227266914348169,0.0,0.0,0.0,494.6015954112392
148,1961-05-01,509.5626630634286,490.46768173735256,516.7266617752215,509.1510829192265,509.92471794098265,-0.011912391097878656,-0.011912391097878656,-0.011912391097878656,-0.011912391097878656,-0.011912391097878656,-0.011912391097878656,0.0,0.0,0.0,503.49255333214046
149,1961-06-01,513.136969267739,566.314429465079,591.3398902107383,512.5211544235106,513.69812644137,0.12834497823415622,0.12834497823415622,0.12834497823415622,0.12834497823415622,0.12834497823415622,0.12834497823415622,0.0,0.0,0.0,578.9955224195478
150,1961-07-01,516.5959752719104,639.9567290758689,666.3587199116453,515.8044858665639,517.3794014778235,0.264699953205523,0.264699953205523,0.264699953205523,0.264699953205523,0.264699953205523,0.264699953205523,0.0,0.0,0.0,653.3389057525467
151,1961-08-01,520.1702814762207,636.2699990384016,662.4990008737087,519.1688194277698,521.1970564656114,0.24897190066919464,0.24897190066919464,0.24897190066919464,0.24897190066919464,0.24897190066919464,0.24897190066919464,0.0,0.0,0.0,649.6780651269853
152,1961-09-01,523.7445876805311,539.9078034681149,566.8996285174298,522.5419506735599,524.9743949586718,0.05576709013534841,0.05576709013534841,0.05576709013534841,0.05576709013534841,0.05576709013534841,0.05576709013534841,0.0,0.0,0.0,552.9522993096122
153,1961-10-01,527.2035936847025,475.25671929902467,501.53637285893376,525.7502961964026,528.6861618478049,-0.07279955126410163,-0.07279955126410163,-0.07279955126410163,-0.07279955126410163,-0.07279955126410163,-0.07279955126410163,0.0,0.0,0.0,488.82340863963435
154,1961-11-01,530.7778998890128,411.0501171414956,438.22261954976346,529.0409165482976,532.5006052529595,-0.20050813600376768,-0.20050813600376768,-0.20050813600376768,-0.20050813600376768,-0.20050813600376768,-0.20050813600376768,0.0,0.0,0.0,424.35261255027245
155,1961-12-01,534.2369058931843,460.0591979608512,487.61631094786816,532.2397525075761,536.1650678395425,-0.11395367628406464,-0.11395367628406464,-0.11395367628406464,-0.11395367628406464,-0.11395367628406464,-0.11395367628406464,0.0,0.0,0.0,473.35864646003205
156,1962-01-01,537.8112120974945,475.8985292608703,502.59702101836,535.5242663555689,540.0444386419765,-0.09029485131833839,-0.09029485131833839,-0.09029485131833839,-0.09029485131833839,-0.09029485131833839,-0.09029485131833839,0.0,0.0,0.0,489.2496286638159
157,1962-02-01,541.385518301805,454.46944475869526,481.3412189389374,538.8028280430271,543.9172932201609,-0.13452252333380949,-0.13452252333380949,-0.13452252333380949,-0.13452252333380949,-0.13452252333380949,-0.13452252333380949,0.0,0.0,0.0,468.5569722834639
158,1962-03-01,544.6139239056981,525.6708806745326,551.3676999815779,541.7585595494158,547.464174659094,-0.011104422639982469,-0.011104422639982469,-0.011104422639982469,-0.011104422639982469,-0.011104422639982469,-0.011104422639982469,0.0,0.0,0.0,538.56630071903
159,1962-04-01,548.1882301100085,516.3508419312985,543.0079983399369,545.1128414664295,551.3120610336255,-0.03384105661802257,-0.03384105661802257,-0.03384105661802257,-0.03384105661802257,-0.03384105661802257,-0.03384105661802257,0.0,0.0,0.0,529.636961177522
160,1962-05-01,551.6472361141799,532.0160036114474,558.9344514865243,548.2155091144782,555.1363564212389,-0.0116534663163321,-0.0116534663163321,-0.0116534663163321,-0.0116534663163321,-0.0116534663163321,-0.0116534663163321,0.0,0.0,0.0,545.2186336296256
161,1962-06-01,555.2215423184903,610.2807976472254,637.2708704071056,551.4989089574028,559.0875716260725,0.12348591142378976,0.12348591142378976,0.12348591142378976,0.12348591142378976,0.12348591142378976,0.12348591142378976,0.0,0.0,0.0,623.7835805138113
162,1962-07-01,558.6805483226616,693.1367567215401,722.8425810258152,554.5968381120142,562.9408359637656,0.2666527307471087,0.2666527307471087,0.2666527307471087,0.2666527307471087,0.2666527307471087,0.2666527307471087,0.0,0.0,0.0,707.6542421481913
163,1962-08-01,562.2548545269719,691.3670367572082,720.2353688614279,557.8607033034899,566.876919487717,0.256072668259716,0.256072668259716,0.256072668259716,0.256072668259716,0.256072668259716,0.256072668259716,0.0,0.0,0.0,706.2329553676722
164,1962-09-01,565.8291607312823,585.8230149578544,612.281973420982,560.907564871339,570.8016881925274,0.05858874480566333,0.05858874480566333,0.05858874480566333,0.05858874480566333,0.05858874480566333,0.05858874480566333,0.0,0.0,0.0,598.98038103297
165,1962-10-01,569.2881667354537,510.63634494215313,539.8555252345951,563.9382583899965,574.5998882182712,-0.07748035875650693,-0.07748035875650693,-0.07748035875650693,-0.07748035875650693,-0.07748035875650693,-0.07748035875650693,0.0,0.0,0.0,525.1795153409566
166,1962-11-01,572.8624729397641,443.0487666745976,470.51714160167637,567.1273316532289,578.6459395130178,-0.20184854919793693,-0.20184854919793693,-0.20184854919793693,-0.20184854919793693,-0.20184854919793693,-0.20184854919793693,0.0,0.0,0.0,457.23101388693027
167,1962-12-01,576.3214789439354,495.2976373733111,526.3110003202768,570.1661558965114,582.6927796432351,-0.11347684579763356,-0.11347684579763356,-0.11347684579763356,-0.11347684579763356,-0.11347684579763356,-0.11347684579763356,0.0,0.0,0.0,510.9223353479503
168,1963-01-01,579.8957851482457,512.9007150599873,541.4863901529297,573.381294848233,586.8331785797984,-0.09093671162245959,-0.09093671162245959,-0.09093671162245959,-0.09093671162245959,-0.09093671162245959,-0.09093671162245959,0.0,0.0,0.0,527.16196936314
169,1963-02-01,583.4700913525561,489.62529451519725,519.6381665772284,576.5330555382621,590.8107169105009,-0.13555658235468906,-0.13555658235468906,-0.13555658235468906,-0.13555658235468906,-0.13555658235468906,-0.13555658235468906,0.0,0.0,0.0,504.3768798626254
170,1963-03-01,586.6984969564494,570.8517305768463,600.7670630002823,579.2377395534794,594.5791882839349,-0.0012186737441668477,-0.0012186737441668477,-0.0012186737441668477,-0.0012186737441668477,-0.0012186737441668477,-0.0012186737441668477,0.0,0.0,0.0,585.9835029024664
171,1963-04-01,590.2728031607598,548.7818529570566,579.2056384699549,582.413276690335,598.5159618275612,-0.04511550591135916,-0.04511550591135916,-0.04511550591135916,-0.04511550591135916,-0.04511550591135916,-0.04511550591135916,0.0,0.0,0.0,563.6423470204461
172,1963-05-01,593.7318091649312,570.9027357584223,603.4301186699239,585.4600765747666,602.4978245237797,-0.011294817875237862,-0.011294817875237862,-0.011294817875237862,-0.011294817875237862,-0.011294817875237862,-0.011294817875237862,0.0,0.0,0.0,587.0257165136778
173,1963-06-01,597.3061153692414,651.8737964621236,685.1341713719515,588.5124702100728,606.5500539115999,0.11872415166445088,0.11872415166445088,0.11872415166445088,0.11872415166445088,0.11872415166445088,0.11872415166445088,0.0,0.0,0.0,668.2207772004432
174,1963-07-01,600.7651213734129,744.6448111812035,779.5912694007807,591.4328965858557,610.6016632848081,0.2687343963088964,0.2687343963088964,0.2687343963088964,0.2687343963088964,0.2687343963088964,0.2687343963088964,0.0,0.0,0.0,762.2113735891378
175,1963-08-01,604.3394275777232,745.9141579523298,782.0308655937689,594.5644923449822,614.7435430066743,0.26312116283578196,0.26312116283578196,0.26312116283578196,0.26312116283578196,0.26312116283578196,0.26312116283578196,0.0,0.0,0.0,763.3539205094845
176,1963-09-01,607.9137337820337,627.8084489952075,662.7024466202301,597.6073271435129,618.8063038093148,0.061233375561232255,0.061233375561232255,0.061233375561232255,0.061233375561232255,0.061233375561232255,0.061233375561232255,0.0,0.0,0.0,645.1383437515399
177,1963-10-01,611.3727397862049,544.6774217648135,577.5528085673167,600.586301476999,622.7702773607473,-0.08222922839332038,-0.08222922839332038,-0.08222922839332038,-0.08222922839332038,-0.08222922839332038,-0.08222922839332038,0.0,0.0,0.0,561.100031132875
178,1963-11-01,614.9470459905152,475.2620627841743,506.74043913965704,603.6756951680685,626.6727105218141,-0.2030819805634379,-0.2030819805634379,-0.2030819805634379,-0.2030819805634379,-0.2030819805634379,-0.2030819805634379,0.0,0.0,0.0,490.0623819491259
179,1963-12-01,618.4060519946867,531.6943757117533,565.1641579762387,606.6380577605191,630.7226725194115,-0.11296182468750568,-0.11296182468750568,-0.11296182468750568,-0.11296182468750568,-0.11296182468750568,-0.11296182468750568,0.0,0.0,0.0,548.5497759635704
180,1964-01-01,621.980358198997,546.8168093617439,583.3242007872446,609.4849762894415,634.7322614722048,-0.09154921151666469,-0.09154921151666469,-0.09154921151666469,-0.09154921151666469,-0.09154921151666469,-0.09154921151666469,0.0,0.0,0.0,565.0385468270262
181,1964-02-01,625.5546644033075,521.9344134467776,558.731564276156,612.6306061020787,638.8162933178819,-0.136440786142205,-0.136440786142205,-0.136440786142205,-0.136440786142205,-0.136440786142205,-0.136440786142205,0.0,0.0,0.0,540.203494217197
182,1964-03-01,628.8983702073397,590.5373472240831,627.7784756307645,615.3687810863906,642.7878214787191,-0.03149106557837846,-0.03149106557837846,-0.03149106557837846,-0.03149106557837846,-0.03149106557837846,-0.03149106557837846,0.0,0.0,0.0,609.093690389005
183,1964-04-01,632.47267641165,605.5436565427984,644.8896683604122,618.4142445813382,646.631042942371,-0.011782675409574617,-0.011782675409574617,-0.011782675409574617,-0.011782675409574617,-0.011782675409574617,-0.011782675409574617,0.0,0.0,0.0,625.0204561600666
184,1964-05-01,635.9316824158215,607.9899014884098,647.3721142224441,621.389187447018,650.740602628099,-0.012074789074516742,-0.012074789074516742,-0.012074789074516742,-0.012074789074516742,-0.012074789074516742,-0.012074789074516742,0.0,0.0,0.0,628.2529414848478
185,1964-06-01,639.5059886201318,702.9869067129773,746.2421894507254,624.6370332457493,655.1079145515482,0.13329771791908857,0.13329771791908857,0.13329771791908857,0.13329771791908857,0.13329771791908857,0.13329771791908857,0.0,0.0,0.0,724.750677498786
186,1964-07-01,642.9649946243032,791.0103167944294,837.7196763740184,627.61142670947,659.1369743631798,0.2628803781753746,0.2628803781753746,0.2628803781753746,0.2628803781753746,0.2628803781753746,0.2628803781753746,0.0,0.0,0.0,811.9878755646678
187,1964-08-01,646.5393008286135,778.2639931554614,826.8479115599769,630.6997087545259,663.2629310464724,0.24182730365089045,0.24182730365089045,0.24182730365089045,0.24182730365089045,0.24182730365089045,0.24182730365089045,0.0,0.0,0.0,802.890156652329
188,1964-09-01,650.1136070329238,662.1705538489383,707.8929135320219,633.8351397299779,667.6117441531285,0.05277051084445798,0.05277051084445798,0.05277051084445798,0.05277051084445798,0.05277051084445798,0.05277051084445798,0.0,0.0,0.0,684.4204341829844
189,1964-10-01,653.5726130370953,589.5490814533783,630.4537495504972,636.790165008742,671.8019305796453,-0.06819394629012827,-0.06819394629012827,-0.06819394629012827,-0.06819394629012827,-0.06819394629012827,-0.06819394629012827,0.0,0.0,0.0,609.0029173669448
190,1964-11-01,657.1469192414056,507.0779341986921,545.1489944472548,639.7175491133573,676.0615474892647,-0.19906420169812736,-0.19906420169812736,-0.19906420169812736,-0.19906420169812736,-0.19906420169812736,-0.19906420169812736,0.0,0.0,0.0,526.3324923642315
191,1964-12-01,660.605925245577,564.6407676973681,606.5310696434485,642.6795458485569,680.045963222788,-0.11439180703125858,-0.11439180703125858,-0.11439180703125858,-0.11439180703125858,-0.11439180703125858,-0.11439180703125858,0.0,0.0,0.0,585.0380197211789
192,1965-01-01,664.1802314498873,582.6404932678669,627.9390735740297,645.8143985955096,684.1684741725337,-0.0896242011752351,-0.0896242011752351,-0.0896242011752351,-0.0896242011752351,-0.0896242011752351,-0.0896242011752351,0.0,0.0,0.0,604.6536087698084
193,1965-02-01,667.7545376541976,557.6237977896984,600.641669030255,648.756887256862,688.5097645535344,-0.13333668398479778,-0.13333668398479778,-0.13333668398479778,-0.13333668398479778,-0.13333668398479778,-0.13333668398479778,0.0,0.0,0.0,578.7183618875852
