ds,y
2007/12/10,9.590761139
2007/12/11,8.519590316
2007/12/12,8.183676583
2007/12/13,8.072467369
2007/12/14,7.893572074
2007/12/15,7.783640596
2007/12/16,8.414052432
2007/12/17,8.829226355
2007/12/18,8.382518288
2007/12/19,8.069655307
2007/12/20,7.879291485
2007/12/21,7.761744985
2007/12/22,7.529406458
2007/12/23,8.38526052
2007/12/24,8.620110725
2007/12/25,7.852439085
2007/12/26,7.853993087
2007/12/27,8.051978079
2007/12/28,7.926602599
2007/12/29,7.838343316
2007/12/30,9.703144581
2007/12/31,9.385972941
2008/1/1,8.293799609
2008/1/2,8.43468077
2008/1/3,8.262042844
2008/1/4,8.106816039
2008/1/5,7.950149888
2008/1/6,9.509259076
2008/1/7,8.846784667
2008/1/8,8.430545385
2008/1/9,8.248267447
2008/1/10,8.28172399
2008/1/11,8.292798858
2008/1/12,8.199189359
2008/1/13,9.996522419
2008/1/14,10.12707101
2008/1/15,8.933796044
2008/1/16,8.566173814
2008/1/17,8.547722396
2008/1/18,8.399760095
2008/1/19,8.223090551
2008/1/20,8.838986793
2008/1/21,10.89720218
2008/1/22,9.444938073
2008/1/23,8.923324744
2008/1/24,8.543445563
2008/1/25,8.495560891
2008/1/26,8.417372856
2008/1/27,8.572627898
2008/1/28,8.736489351
2008/1/29,8.634086943
2008/1/30,8.673512946
2008/2/1,8.824236617
2008/2/2,8.537975731
2008/2/3,9.698061122
2008/2/4,12.09745684
2008/2/5,10.63527836
2008/2/6,9.691716588
2008/2/7,9.315600883
2008/2/8,8.970813341
2008/2/9,8.589141691
2008/2/10,8.617400452
2008/2/11,8.616314282
2008/2/12,8.215547412
2008/2/13,8.064950892
2008/2/14,8.11342664
2008/2/15,7.799343398
2008/2/16,7.62754439
2008/2/17,7.555905094
2008/2/18,7.71154898
2008/2/19,7.788626066
2008/2/20,7.708410667
2008/2/21,7.768533301
2008/2/22,7.695303135
2008/2/23,7.378383713
2008/2/24,7.910590612
2008/2/25,7.626570206
2008/2/26,7.573531263
2008/2/27,7.567862605
2008/2/29,7.552237288
2008/3/2,7.336936914
2008/3/5,8.12474302
2008/3/6,7.887584032
2008/3/7,7.819636302
2008/3/8,7.383989458
2008/3/9,7.814399634
2008/3/10,7.542213463
2008/3/11,7.548555979
2008/3/12,7.688913337
2008/3/13,7.477038472
2008/3/14,7.358830898
2008/3/15,7.032624261
2008/3/16,7.118016204
2008/3/17,7.349873705
2008/3/18,7.326465614
2008/3/19,7.363913501
2008/3/20,7.277938573
2008/3/21,7.251344983
2008/3/22,7.002155954
2008/3/23,7.163946684
2008/3/24,7.759187439
2008/3/25,7.518607217
2008/3/26,7.41397029
2008/3/27,7.442492723
2008/3/28,7.228388452
2008/3/29,6.991176887
2008/3/30,7.211556733
2008/3/31,7.311218384
2008/4/1,7.349230825
2008/4/2,7.514254653
2008/4/3,7.393263095
2008/4/4,7.286191715
2008/4/5,7.273092596
2008/4/6,7.168579897
2008/4/7,7.611347717
2008/4/8,7.617759577
2008/4/9,7.425953657
2008/4/10,8.182000136
2008/4/11,7.399398083
2008/4/12,7.106606138
2008/4/13,7.080867897
2008/4/14,7.421177529
2008/4/15,7.491645474
2008/4/16,7.385851078
2008/4/17,7.68294317
2008/4/18,7.688913337
2008/4/19,7.259116128
2008/4/20,8.144969417
2008/4/21,8.713910628
2008/4/22,8.091015042
2008/4/23,7.840312983
2008/4/24,7.648739789
2008/4/25,8.020927719
2008/4/26,7.830028083
2008/4/27,7.72753511
2008/4/28,7.835974582
2008/4/29,7.626570206
2008/4/30,7.644440762
2008/5/1,7.548555979
2008/5/2,7.440733707
2008/5/3,7.073269717
2008/5/4,7.026426809
2008/5/5,7.392031568
2008/5/6,7.29301768
2008/5/7,7.361375429
2008/5/8,7.512617545
2008/5/9,7.460490306
2008/5/10,7.114769448
2008/5/11,7.125283092
2008/5/12,7.455876687
2008/5/13,7.317212408
2008/5/14,7.410347098
2008/5/15,7.402451521
2008/5/16,7.294377299
2008/5/17,6.989335266
2008/5/18,6.993015123
2008/5/19,7.431299675
2008/5/20,7.362010551
2008/5/21,7.454719949
2008/5/22,7.368339686
2008/5/23,7.143617603
2008/5/24,6.835184586
2008/5/25,6.89060912
2008/5/26,6.974478911
2008/5/27,7.26612878
2008/5/28,7.270312886
2008/5/29,7.265429723
2008/5/30,7.157735484
2008/5/31,6.865891075
2008/6/3,7.153833802
2008/6/4,7.216709487
2008/6/5,7.201916318
2008/6/6,7.212294469
2008/6/7,7.186144305
2008/6/8,6.820016365
2008/6/9,6.882437471
2008/6/10,7.183111702
2008/6/11,7.242797923
2008/6/12,7.192934221
2008/6/13,7.183870715
2008/6/14,6.970730078
2008/6/15,6.91770561
2008/6/16,7.222566019
2008/6/17,7.356918242
2008/6/18,7.242797923
2008/6/19,7.22329568
2008/6/20,7.163172391
2008/6/21,7.241366283
2008/6/22,6.986566459
2008/6/23,6.963189986
2008/6/24,7.250635512
2008/6/25,7.160845907
2008/6/26,7.132497552
2008/6/27,7.091742115
2008/6/28,7.012115294
2008/6/29,6.857514063
2008/6/30,6.827629235
2008/7/2,7.13009851
2008/7/3,7.277247727
2008/7/4,7.038783541
2008/7/5,6.89060912
2008/7/6,6.957497371
2008/7/7,7.295735073
2008/7/8,7.497207223
2008/7/9,7.310550159
2008/7/10,7.20489251
2008/7/11,7.222566019
2008/7/12,7.257707677
2008/8/1,7.425953657
2008/8/2,7.117205503
2008/8/3,7.249925537
2008/8/4,8.276903481
2008/8/5,7.60638739
2008/8/6,7.643961949
2008/8/7,8.012349639
2008/8/8,7.930206207
2008/8/9,7.508787171
2008/8/10,7.52131798
2008/8/11,7.589841512
2008/8/12,7.500529485
2008/8/13,7.370230642
2008/8/14,7.385230923
2008/8/15,7.302496424
2008/8/16,7.275172319
2008/8/17,7.392031568
2008/8/18,7.516977225
2008/8/19,7.909122183
2008/8/20,7.723120092
2008/8/21,7.670428522
2008/8/22,7.62900389
2008/8/23,7.430707083
2008/8/24,7.579678823
2008/8/25,7.948385285
2008/8/26,7.795646536
2008/8/27,8.007367068
2008/8/28,7.790696031
2008/8/29,7.832807517
2008/8/30,7.51479976
2008/8/31,7.62754439
2008/9/1,7.855157006
2008/9/2,7.964850887
2008/9/3,7.74586823
2008/9/4,8.08085642
2008/9/5,8.25997566
2008/9/6,7.769800996
2008/9/7,8.177515824
2008/9/8,9.281730368
2008/9/9,8.33854488
2008/9/10,7.830425618
2008/9/11,7.808729307
2008/9/12,7.816819966
2008/9/13,7.554858521
2008/9/14,8.555066844
2008/9/15,8.207946941
2008/9/16,8.083637203
2008/9/17,7.791109511
2008/9/18,7.670894831
2008/9/19,7.640123173
2008/9/20,7.550135342
2008/9/21,8.249313746
2008/9/22,8.303999971
2008/9/23,8.126813721
2008/9/24,7.70616297
2008/9/25,7.663877259
2008/9/26,7.526717561
2008/9/27,7.925880317
2008/9/28,7.921535632
2008/9/29,8.033982735
2008/9/30,7.725771442
2008/10/1,7.694392803
2008/10/2,7.449498005
2008/10/3,7.391415235
2008/10/4,7.34601021
2008/10/5,8.101374671
2008/10/6,8.156510226
2008/10/7,7.971085754
2008/10/8,7.872836175
2008/10/9,7.635303886
2008/10/10,7.58781722
2008/10/11,7.342131731
2008/10/12,8.177515824
2008/10/13,8.340933226
2008/10/14,8.476579509
2008/10/15,7.87359779
2008/10/16,7.717351272
2008/10/17,7.490529402
2008/10/18,7.375882148
2008/10/19,8.075582637
2008/10/20,8.165363632
2008/10/23,7.585281079
2008/10/24,7.607381426
2008/10/25,7.267525428
2008/10/26,8.040124664
2008/10/27,8.109224953
2008/10/28,8.806873267
2008/10/29,7.747164967
2008/10/30,7.480992163
2008/10/31,7.346655163
2008/11/1,7.247080585
2008/11/2,7.938088727
2008/11/3,9.035629778
2008/11/4,8.041091004
2008/11/5,7.406103381
2008/11/6,7.973844376
2008/11/7,7.768110379
2008/11/8,7.471363088
2008/11/9,8.030084094
2008/11/10,8.729397123
2008/11/11,7.93701749
2008/11/12,7.665284718
2008/11/13,7.580189418
2008/11/14,7.710653324
2008/11/15,7.261225092
2008/11/16,8.046549357
2008/11/17,8.093462275
2008/11/18,7.767263997
2008/11/19,7.496652438
2008/11/20,7.552237288
2008/11/21,7.497207223
2008/11/22,7.312553498
2008/11/23,7.938802248
2008/11/24,9.058703197
2008/11/25,8.194229305
2008/11/26,7.519149958
2008/11/27,7.551186867
2008/11/28,7.713784617
2008/11/29,7.605890001
2008/11/30,8.499029221
2008/12/1,8.291797105
2008/12/2,7.89469085
2008/12/3,7.790282381
2008/12/4,7.655390645
2008/12/5,7.610357618
2008/12/6,7.531016332
2008/12/7,8.231376046
2008/12/8,8.006700845
2008/12/9,7.858640656
2008/12/10,7.697121317
2008/12/11,7.595889918
2008/12/12,7.73587032
2008/12/13,7.351158226
2008/12/14,8.031385331
2008/12/15,8.394347361
2008/12/16,7.823645931
2008/12/17,8.08671792
2008/12/18,7.77148876
2008/12/19,8.688959234
2008/12/20,7.747164967
2008/12/21,7.960672608
2008/12/22,8.624611588
2008/12/23,7.996653875
2008/12/24,7.620705087
2008/12/25,7.431891917
2008/12/26,7.462789157
2008/12/27,7.448916103
2008/12/28,8.251403065
2008/12/29,8.555259392
2008/12/30,8.315811132
2008/12/31,8.309922989
2009/1/1,7.758760544
2009/1/2,8.808219665
2009/1/3,9.121946221
2009/1/4,10.15381816
2009/1/5,9.267854278
2009/1/6,8.434246271
2009/1/7,8.137688185
2009/1/8,8.04494705
2009/1/9,8.228977643
2009/1/10,8.141189793
2009/1/11,9.215626376
2009/1/12,8.732788325
2009/1/13,8.510168576
2009/1/14,8.104099056
2009/1/15,7.950149888
2009/1/16,7.852050207
2009/1/17,7.656337166
2009/1/18,8.044305407
2009/1/19,8.801017834
2009/1/20,7.829630389
2009/1/21,7.777373603
2009/1/22,7.93522954
2009/1/23,7.672292456
2009/1/24,7.38832786
2009/1/25,7.511524648
2009/1/26,7.663407665
2009/1/27,7.789454566
2009/1/28,7.807916629
2009/1/29,7.824845691
2009/1/30,7.906547232
2009/1/31,7.70210434
2009/2/1,8.477620416
2009/2/2,9.149528233
2009/2/3,8.062117583
2009/2/4,8.06652149
2009/2/5,8.059592329
2009/2/6,8.049427057
2009/2/7,7.762170607
2009/2/8,8.097730574
2009/2/9,8.018296139
2009/2/10,7.616775809
2009/2/11,7.842671475
2009/2/12,7.768533301
2009/2/13,7.530479995
2009/2/14,7.332369206
2009/2/15,7.224024808
2009/2/16,7.416378479
2009/2/17,7.427144133
2009/2/18,7.397561536
2009/2/19,7.495541944
2009/2/20,7.399398083
2009/2/21,7.008505182
2009/2/22,7.118016204
2009/2/23,7.483806688
2009/2/24,7.571473649
2009/2/25,7.648263031
2009/2/26,7.474204806
2009/2/27,7.472500745
2009/2/28,7.211556733
2009/3/1,7.343426229
2009/3/2,7.482118924
2009/3/3,7.410951876
2009/3/4,7.403061091
2009/3/5,7.452982329
2009/3/6,7.423568444
2009/3/7,7.085064294
2009/3/8,7.210818453
2009/3/9,7.356279877
2009/3/10,7.304515946
2009/3/11,7.46565531
2009/3/12,7.869019376
2009/3/13,7.248504072
2009/3/14,7.07834158
2009/3/15,7.221105098
2009/3/16,7.33432935
2009/3/17,7.292337176
2009/3/18,7.299121463
2009/3/19,7.283448229
2009/3/20,7.301822342
2009/3/21,7.062191632
2009/3/22,7.181591945
2009/3/23,7.505492275
2009/3/24,7.874739125
2009/3/25,7.578656851
2009/3/26,7.36707706
2009/3/27,7.257002707
2009/3/28,7.056175284
2009/3/29,7.502738211
2009/3/30,7.443078374
2009/3/31,7.481555702
2009/4/1,7.482118924
2009/4/2,7.519149958
2009/4/3,7.659642955
2009/4/4,7.244227516
2009/4/5,7.232733136
2009/4/6,7.342131731
2009/4/7,7.421177529
2009/4/8,7.492203043
2009/4/9,7.31521839
2009/4/10,7.141245122
2009/4/11,7.009408933
2009/4/12,7.087573706
2009/4/13,7.304515946
2009/4/14,7.374629015
2009/4/15,7.512617545
2009/4/16,7.517520851
2009/4/17,7.374001859
2009/4/18,7.141245122
2009/4/19,7.161622003
2009/4/20,7.484930283
2009/4/21,7.512617545
2009/4/22,7.444833274
2009/4/23,7.474204806
2009/4/24,7.671826798
2009/4/25,7.842278779
2009/4/26,7.924072325
2009/4/27,7.828436359
2009/4/28,7.586803535
2009/4/29,7.629975707
2009/4/30,7.709756864
2009/5/1,7.526717561
2009/5/2,7.193685818
2009/5/3,7.257707677
2009/5/4,7.454141078
2009/5/5,7.481555702
2009/5/6,7.559038255
2009/5/7,7.444833274
2009/5/8,7.337587744
2009/5/9,7.135687347
2009/5/10,7.085064294
2009/5/11,7.272398393
2009/5/12,7.510977752
2009/5/13,7.498869734
2009/5/14,7.444248649
2009/5/15,7.403061091
2009/5/16,6.91671502
2009/5/17,6.977281342
2009/5/18,7.482681828
2009/5/19,7.41397029
2009/5/20,7.372118028
2009/5/21,7.333676396
2009/5/22,7.395107547
2009/5/23,7.036148494
2009/5/24,6.874198495
2009/5/25,6.98471632
2009/5/26,7.455876687
2009/5/27,7.494986234
2009/5/28,7.331060305
2009/5/29,7.104965448
2009/5/30,6.993932975
2009/5/31,6.930494766
2009/6/1,7.218176838
2009/6/2,7.475905969
2009/6/3,7.364547014
2009/6/4,7.239932591
2009/6/5,7.309212366
2009/6/6,7.138867
2009/6/7,6.972606251
2009/6/8,7.188412736
2009/6/9,7.334981879
2009/6/10,7.33432935
2009/6/11,7.432483808
2009/6/12,7.391415235
2009/6/13,6.961296046
2009/6/14,7.021976423
2009/6/15,7.213768308
2009/6/16,7.509883061
2009/6/17,7.328437353
2009/6/18,7.496652438
2009/6/19,7.200424893
2009/6/20,7.084226422
2009/6/21,7.149131599
2009/6/22,7.25629724
2009/6/23,7.198183577
2009/6/24,7.288927695
2009/6/25,7.128495946
2009/6/26,7.082548569
2009/6/27,6.822197391
2009/6/28,6.947937069
2009/6/29,7.112327445
2009/6/30,7.199678346
2009/7/1,7.317212408
2009/7/2,7.098375639
2009/7/3,7.044905117
2009/7/4,7.304515946
2009/7/5,7.793586803
2009/7/6,7.805474625
2009/7/7,7.483244416
2009/7/8,7.356918242
2009/7/9,7.50714108
2009/7/10,7.375255778
2009/7/11,7.196686571
2009/7/12,7.22329568
2009/7/13,7.3524411
2009/7/14,7.317212408
2009/7/15,7.444248649
2009/7/16,7.355641103
2009/7/17,7.324489979
2009/7/18,7.214504414
2009/7/19,7.284134806
2009/7/20,7.54009032
2009/7/21,7.474772182
2009/7/22,7.829232538
2009/7/23,7.681099002
2009/7/24,7.729735331
2009/7/25,7.303170051
2009/7/26,7.282073658
2009/7/27,7.485491608
2009/7/28,7.618742378
2009/7/29,7.693937326
2009/7/30,7.539558829
2009/7/31,7.43838353
2009/8/1,7.273786318
2009/8/2,7.355641103
2009/8/3,7.658227526
2009/8/4,7.843456404
2009/8/5,8.368461138
2009/8/6,8.172164452
2009/8/7,7.811568489
2009/8/8,7.5750717
2009/8/9,7.658699558
2009/8/10,7.866338923
2009/8/11,7.78113851
2009/8/12,7.754910272
2009/8/13,7.708859601
2009/8/14,8.207129168
2009/8/15,7.71154898
2009/8/16,7.734558844
2009/8/17,7.967626739
2009/8/18,8.403800504
2009/8/19,8.292798858
2009/8/20,7.985484357
2009/8/21,8.67180091
2009/8/22,7.782390336
2009/8/23,7.786967003
2009/8/24,7.946617563
2009/8/25,8.173575487
2009/8/26,7.809541325
2009/8/27,7.803026644
2009/8/28,8.051340933
2009/8/29,7.973155433
2009/8/30,7.869019376
2009/8/31,8.16251625
2009/9/1,8.040124664
2009/9/2,7.963460067
2009/9/3,7.838343316
2009/9/4,7.913155186
2009/9/5,7.953318347
2009/9/6,8.076204527
2009/9/7,7.982416347
2009/9/8,8.1285852
2009/9/9,7.954723334
2009/9/10,8.110126802
2009/9/11,8.213652703
2009/9/12,8.046869511
2009/9/13,8.924257021
2009/9/14,8.617219505
2009/9/15,8.519590316
2009/9/16,8.014335737
2009/9/17,8.057694195
2009/9/18,8.104401308
2009/9/19,7.993957548
2009/9/20,8.431853144
2009/9/21,9.738200088
2009/9/22,10.17998228
2009/9/24,8.361941906
2009/9/28,9.948843254
2009/9/29,8.759040728
2009/9/30,8.251663924
2009/10/1,8.078688229
2009/10/2,8.173575487
2009/10/3,7.889084407
2009/10/4,9.099855639
2009/10/5,9.406564834
2009/10/6,9.16440114
2009/10/7,8.487352349
2009/10/8,8.431417414
2009/10/9,8.277666161
2009/10/10,8.312135108
2009/10/11,8.790116893
2009/10/12,10.28003865
2009/10/13,9.075779879
2009/10/17,8.699181359
2009/10/18,9.086589565
2009/10/19,8.861491864
2009/10/20,8.544419178
2009/10/21,8.447628728
2009/10/22,8.252706677
2009/10/23,8.109826276
2009/10/24,8.136810864
2009/10/25,8.726805608
2009/10/26,9.382695764
2009/10/27,8.578288291
2009/10/28,8.238801166
2009/10/29,8.122371243
2009/10/30,8.055157732
2009/10/31,7.832410927
2009/11/1,8.897545599
2009/11/2,8.725669706
2009/11/3,8.564076777
2009/11/4,8.219056661
2009/11/5,8.147577736
2009/11/6,8.001355026
2009/11/7,7.789454566
2009/11/8,8.811950178
2009/11/9,9.002208578
2009/11/10,8.593042504
2009/11/11,8.281977059
2009/11/12,8.465057437
2009/11/13,8.494743063
2009/11/14,8.405143688
2009/11/16,10.55869919
2009/11/17,9.124564595
2009/11/18,8.731820583
2009/11/19,8.528924114
2009/11/20,8.50512061
2009/11/21,8.276394705
2009/11/23,9.123910644
2009/11/24,8.585972707
2009/11/25,8.315566484
2009/11/26,8.66112036
2009/11/27,8.925720274
2009/11/28,8.441391478
2009/11/29,9.227787286
2009/11/30,9.264733856
2009/12/1,9.274910143
2009/12/2,8.392989588
2009/12/3,8.585225602
2009/12/4,8.423761247
2009/12/5,8.337827262
2009/12/6,9.059750013
2009/12/7,9.29825967
2009/12/8,8.761863373
2009/12/9,8.507546814
2009/12/10,8.399310151
2009/12/11,8.523572798
2009/12/12,8.379539026
2009/12/13,9.091106284
2009/12/14,9.76198159
2009/12/15,8.929567708
2009/12/16,8.530701541
2009/12/17,8.587092319
2009/12/18,9.797849221
2009/12/19,8.664750756
2009/12/20,9.17232693
2009/12/21,9.20140053
2009/12/22,9.330520532
2009/12/23,8.684570301
2009/12/24,8.502485563
2009/12/25,8.28878581
2009/12/26,8.298041661
2009/12/27,9.16293425
2009/12/28,9.547954813
2009/12/29,9.017240942
2009/12/30,8.784927626
2009/12/31,8.386628821
2010/1/1,8.334471555
2010/1/2,8.536014946
2010/1/3,8.708639656
2010/1/4,8.730043953
2010/1/5,8.375629627
2010/1/6,8.318986125
2010/1/7,8.464425126
2010/1/8,8.597297436
2010/1/9,8.922791624
2010/1/10,9.491677357
2010/1/11,9.210140352
2010/1/12,8.67795057
2010/1/13,8.602269364
2010/1/14,8.614501374
2010/1/15,8.65886635
2010/1/16,8.779403598
2010/1/17,11.0079328
2010/1/18,9.753245889
2010/1/19,9.225130457
2010/1/20,9.017726026
2010/1/21,8.936955604
2010/1/22,9.009325173
2010/1/25,11.48406292
2010/1/26,10.2642342
2010/1/27,9.694431801
2010/1/28,9.440419814
2010/1/29,9.353747835
2010/1/30,9.228474942
2010/1/31,9.303921786
2010/2/1,10.24017405
2010/2/2,9.915959454
2010/2/3,10.11151747
2010/2/4,9.858594784
2010/2/5,10.11900208
2010/2/6,10.00056889
2010/2/7,11.19145218
2010/2/9,10.46333189
2010/2/10,9.654064192
2010/2/11,9.119758994
2010/2/12,8.795733606
2010/2/13,8.448485993
2010/2/14,8.266678443
2010/2/15,8.218517577
2010/2/16,8.242493153
2010/2/17,8.008032847
2010/2/18,8.045267717
2010/2/19,7.928766322
2010/2/20,7.745002804
2010/2/21,7.866338923
2010/2/22,7.941651253
2010/2/24,8.310414994
2010/2/25,7.828038032
2010/2/26,7.87359779
2010/2/27,7.757051142
2010/2/28,7.726212651
2010/3/1,7.775275846
2010/3/2,7.795234929
2010/3/3,7.749753406
2010/3/4,8.068089626
2010/3/5,8.725832057
2010/3/6,7.654443226
2010/3/7,7.60339934
2010/3/8,7.75319427
2010/3/9,7.770223204
2010/3/10,7.631431665
2010/3/11,7.543802868
2010/3/12,7.604396349
2010/3/13,7.584264818
2010/3/14,7.510977752
2010/3/15,7.674617497
2010/3/16,7.712890961
2010/3/17,7.701652363
2010/3/18,7.638198244
2010/3/19,7.562681247
2010/3/20,7.40367029
2010/3/21,7.466227556
2010/3/22,7.612336837
2010/3/23,7.801800402
2010/3/24,8.028781162
2010/3/25,7.730174795
2010/3/26,7.639642288
2010/3/27,7.563200592
2010/3/28,7.486613313
2010/3/29,7.507690078
2010/3/30,7.65396918
2010/3/31,7.61283103
2010/4/1,7.454141078
2010/4/2,7.36707706
2010/4/3,7.452982329
2010/4/4,7.478734826
2010/4/5,7.985143931
2010/4/6,7.821643126
2010/4/7,7.660585462
2010/4/8,7.559559496
2010/4/9,7.576609767
2010/4/10,7.45007957
2010/4/11,7.498869734
2010/4/12,7.515889085
2010/4/13,7.608374474
2010/4/14,7.586296307
2010/4/15,7.680637428
2010/4/16,7.784889296
2010/4/17,7.552237288
2010/4/18,7.598900457
2010/4/19,7.648263031
2010/4/20,7.669961995
2010/4/21,7.855544678
2010/4/22,8.096512918
2010/4/23,8.921057018
2010/4/24,8.398634855
2010/4/25,7.988203597
2010/4/26,8.002694162
2010/4/27,8.0730912
2010/4/28,7.983098941
2010/4/29,7.846198815
2010/4/30,7.786551806
2010/5/1,7.444833274
2010/5/2,7.542213463
2010/5/3,7.642524134
2010/5/4,7.651120176
2010/5/5,7.511524648
2010/5/6,7.676937146
2010/5/7,7.99125393
2010/5/8,7.441906728
2010/5/9,7.383989458
2010/5/10,7.605890001
2010/5/11,7.586803535
2010/5/12,7.621195163
2010/5/13,7.295735073
2010/5/14,7.488852956
2010/5/15,7.273092596
2010/5/16,7.346655163
2010/5/17,7.473637108
2010/5/18,7.355641103
2010/5/19,7.228388452
2010/5/20,7.396948603
2010/5/21,7.475339237
2010/5/22,7.409741954
2010/5/23,7.34601021
2010/5/24,7.407924323
2010/5/25,7.383989458
2010/5/26,7.380879036
2010/5/27,7.206377291
2010/5/28,7.093404626
2010/5/29,7.109879463
2010/5/30,7.055312843
2010/5/31,7.116394144
2010/6/1,7.192182059
2010/6/2,7.249215057
2010/6/3,7.419380583
2010/6/4,7.562161631
2010/6/5,7.433075349
2010/6/6,7.285506549
2010/6/7,7.935587386
2010/6/8,9.019542997
2010/6/9,7.225481473
2010/6/10,7.027314514
2010/6/11,6.799055862
2010/6/12,5.446737372
2010/6/13,5.323009979
2010/6/14,5.262690189
2010/6/15,6.306275287
2010/6/16,6.652863029
2010/6/17,7.21964204
2010/6/18,7.38832786
2010/6/19,7.138867
2010/6/20,7.043159916
2010/6/21,7.206377291
2010/6/22,7.029972912
2010/6/23,7.007600614
2010/6/24,6.918695219
2010/6/25,6.884486652
2010/6/27,6.137727054
2010/6/29,7.206377291
2010/6/30,7.137278437
2010/7/1,7.054449658
2010/7/2,7.112327445
2010/7/3,6.926577033
2010/7/4,6.814542897
2010/7/6,7.355001921
2010/7/11,7.13169851
2010/7/12,7.077498054
2010/7/13,7.242082359
2010/7/14,7.247080585
2010/7/15,7.646353722
2010/7/16,7.456454555
2010/7/17,7.309881486
2010/7/18,7.237778192
2010/7/19,7.275172319
2010/7/20,7.469083885
2010/7/21,7.450660796
2010/7/22,8.127404563
2010/7/23,7.774855767
2010/7/24,7.52131798
2010/7/25,7.549609165
2010/7/26,7.949797216
2010/7/27,7.797702036
2010/7/28,7.799753318
2010/7/29,7.900266037
2010/7/30,7.858254182
2010/7/31,7.941651253
2010/8/1,7.671360923
2010/8/2,8.135346949
2010/8/3,8.687779492
2010/8/4,8.453187861
2010/8/5,8.064636476
2010/8/6,8.009363077
2010/8/7,7.877397186
2010/8/8,7.855157006
2010/8/9,8.140898461
2010/8/10,7.921172722
2010/8/11,7.97074039
2010/8/12,7.965198291
2010/8/13,8.134760782
2010/8/14,7.798523054
2010/8/15,8.307705967
2010/8/16,8.280711076
2010/8/17,8.744488114
2010/8/18,8.59137259
2010/8/19,8.440528106
2010/8/20,8.509765676
2010/8/21,8.355144739
2010/8/22,8.280964401
2010/8/23,8.440528106
2010/8/24,8.313852267
2010/8/25,8.08085642
2010/8/26,8.185907481
2010/8/27,8.856803357
2010/8/28,8.0730912
2010/8/29,8.141481041
2010/8/30,8.187855444
2010/8/31,8.115221973
2010/9/1,8.159088655
2010/9/2,8.204398418
2010/9/3,8.285008895
2010/9/4,8.082711134
2010/9/5,8.245646901
2010/9/6,8.222016437
2010/9/7,8.451267041
2010/9/8,8.551981017
2010/9/9,8.625150333
2010/9/10,9.131946305
2010/9/11,8.339978572
2010/9/12,9.866200968
2010/9/13,9.270776741
2010/9/14,8.77183541
2010/9/15,8.494743063
2010/9/16,8.616314282
2010/9/17,8.947806093
2010/9/18,9.075779879
2010/9/19,9.500469448
2010/9/20,11.42610316
2010/9/21,9.295508384
2010/9/22,8.617219505
2010/9/23,8.476996002
2010/9/24,8.327726166
2010/9/25,8.303752416
2010/9/26,9.330431852
2010/9/27,9.416134285
2010/9/28,8.922924931
2010/9/29,8.445911989
2010/9/30,8.311152548
2010/10/1,8.270525095
2010/10/2,8.201660191
2010/10/3,9.009814111
2010/10/4,9.309099144
2010/10/5,9.128479345
2010/10/6,8.447414297
2010/10/7,8.25426877
2010/10/8,8.324821299
2010/10/9,8.102889135
2010/10/10,9.159573255
2010/10/11,8.851090688
2010/10/12,9.540578934
2010/10/13,8.490438454
2010/10/14,8.564649133
2010/10/15,8.352318548
2010/10/16,8.104401308
2010/10/17,9.15334665
2010/10/18,10.0752957
2010/10/19,8.718009331
2010/10/20,8.344742754
2010/10/21,8.263074836
2010/10/22,8.256088134
2010/10/23,8.008698183
2010/10/24,8.529714472
2010/10/25,8.861350111
2010/10/26,9.789142351
2010/10/27,8.500250471
2010/10/28,8.405591015
2010/10/29,8.944158831
2010/10/30,8.866581653
2010/10/31,9.014568767
2010/11/1,9.130105979
2010/11/2,10.24650972
2010/11/3,8.589699882
2010/11/4,8.650674583
2010/11/5,8.781248333
2010/11/6,8.33302994
2010/11/7,9.06762407
2010/11/8,9.523324627
2010/11/9,8.709960006
2010/11/10,8.371010681
2010/11/11,8.377701213
2010/11/12,8.400434631
2010/11/13,8.182838711
2010/11/14,8.875007486
2010/11/15,9.210340372
2010/11/16,8.714567551
2010/11/17,8.317521996
2010/11/18,8.559294367
2010/11/19,8.604654467
2010/11/20,8.733755131
2010/11/21,9.540578934
2010/11/22,10.16168932
2010/11/23,8.816705016
2010/11/24,8.314097335
2010/11/25,8.710619528
2010/11/26,8.743691111
2010/11/27,8.392310009
2010/11/28,9.230731062
2010/11/29,10.25611431
2010/11/30,8.913819351
2010/12/1,8.650324504
2010/12/2,8.390041406
2010/12/3,8.309184528
2010/12/4,8.222285074
2010/12/5,9.282381925
2010/12/6,9.92260367
2010/12/7,9.168893182
2010/12/8,8.748304912
2010/12/9,8.815073089
2010/12/10,9.763305522
2010/12/11,8.568836425
2010/12/12,8.926118971
2010/12/13,9.128913373
2010/12/14,9.719564714
2010/12/15,8.781248333
2010/12/16,8.48838211
2010/12/17,8.53640741
2010/12/18,8.144098463
2010/12/19,9.106645136
2010/12/20,9.115699968
2010/12/21,9.684211513
2010/12/22,8.800113947
2010/12/23,8.547528391
2010/12/24,8.32215107
2010/12/25,8.095293777
2010/12/26,8.92345798
2010/12/27,9.379745537
2010/12/28,8.903271586
2010/12/29,8.875566692
2010/12/30,8.441391478
2010/12/31,8.59674347
2011/1/1,9.009691898
2011/1/2,9.398975291
2011/1/3,9.99392223
2011/1/4,9.061492275
2011/1/5,8.971194463
2011/1/6,8.946895524
2011/1/7,9.186969386
2011/1/8,9.098067129
2011/1/9,10.87810379
2011/1/10,9.382695764
2011/1/11,9.198976042
2011/1/12,8.621192781
2011/1/13,8.61323038
2011/1/14,8.695171999
2011/1/15,8.720297287
2011/1/16,9.500319803
2011/1/17,9.34757739
2011/1/18,8.783702699
2011/1/19,8.702177866
2011/1/20,8.682199026
2011/1/21,8.483636408
2011/1/22,8.409162447
2011/1/23,8.973097896
2011/1/24,9.550306498
2011/1/25,8.786303878
2011/1/26,8.608130186
2011/1/27,8.494947582
2011/1/28,8.448700195
2011/1/29,8.191740021
2011/1/30,8.380915173
2011/1/31,9.073947747
2011/2/1,8.356085031
2011/2/2,8.348537825
2011/2/3,8.53503311
2011/2/4,8.434897949
2011/2/5,8.53542596
2011/2/6,8.991686726
2011/2/7,9.777130364
2011/2/8,8.63887971
2011/2/9,8.283241441
2011/2/10,8.273336599
2011/2/11,8.159088655
2011/2/12,7.913521017
2011/2/13,7.840706452
2011/2/14,8.02486215
2011/2/15,7.971430998
2011/2/16,8.477828468
2011/2/17,7.957877358
2011/2/18,8.023552392
2011/2/19,7.549082711
2011/2/20,7.519692404
2011/2/21,7.871692664
2011/2/22,7.681560363
2011/2/23,7.732369222
2011/2/24,7.782390336
2011/2/25,7.656337166
2011/2/26,7.483244416
2011/2/27,7.598900457
2011/2/28,7.786136438
2011/3/1,7.750614733
2011/3/2,7.764720545
2011/3/3,7.704811923
2011/3/4,7.658699558
2011/3/5,7.347299701
2011/3/6,7.544332108
2011/3/7,7.747164967
2011/3/8,7.688913337
2011/3/9,7.770645234
2011/3/10,7.6118424
2011/3/11,7.487733761
2011/3/12,7.557472902
2011/3/13,7.568379268
2011/3/14,7.525639975
2011/3/15,7.661997559
2011/3/16,7.416378479
2011/3/17,7.443663683
2011/3/18,7.316548177
2011/3/19,7.17472431
2011/3/20,7.247792582
2011/3/21,7.41397029
2011/3/22,7.529406458
2011/3/23,7.639642288
2011/3/24,8.269756948
2011/3/25,8.331345425
2011/3/26,7.784473236
2011/3/27,7.480992163
2011/3/28,7.58781722
2011/3/29,7.671826798
2011/3/30,7.59739632
2011/3/31,7.677400431
2011/4/1,7.484368643
2011/4/2,7.261225092
2011/4/3,7.392031568
2011/4/4,7.428333194
2011/4/5,7.557472902
2011/4/6,7.488852956
2011/4/7,7.427144133
2011/4/8,8.215276959
2011/4/9,8.493719835
2011/4/10,8.14322675
2011/4/11,8.121777419
2011/4/12,8.207946941
2011/4/13,8.519789817
2011/4/14,8.574707098
2011/4/15,8.047829357
2011/4/16,7.487733761
2011/4/17,7.566311015
2011/4/18,7.997663127
2011/4/19,8.00836557
2011/4/20,7.914983006
2011/4/21,7.880426344
2011/4/22,7.848933726
2011/4/23,7.508238775
2011/4/24,7.660585462
2011/4/25,8.027476531
2011/4/26,8.100464891
2011/4/27,8.180880942
2011/4/28,8.333510709
2011/4/29,8.641002477
2011/4/30,8.463159303
2011/5/1,8.012018239
2011/5/2,7.795646536
2011/5/3,7.705712824
2011/5/4,7.778630147
2011/5/5,7.812378206
2011/5/6,7.561641746
2011/5/7,7.263329617
2011/5/8,7.355641103
2011/5/9,7.474772182
2011/5/10,7.534228326
2011/5/11,7.629975707
2011/5/12,7.626082758
2011/5/13,7.444833274
2011/5/14,7.119635638
2011/5/15,7.370230642
2011/5/16,7.541152455
2011/5/17,7.513709248
2011/5/18,7.590346946
2011/5/19,7.54802897
2011/5/20,7.368339686
2011/5/21,7.113142109
2011/5/22,7.237059026
2011/5/23,7.487173694
2011/5/24,7.612336837
2011/5/25,8.217168596
2011/5/26,7.6666902
2011/5/27,7.326465614
2011/5/28,7.093404626
2011/5/29,7.139660336
2011/5/30,7.40367029
2011/5/31,7.425953657
2011/6/1,7.437795122
2011/6/2,7.553286606
2011/6/3,7.321849714
2011/6/4,7.103322063
2011/6/5,7.110696123
2011/6/6,7.482118924
2011/6/7,7.545918151
2011/6/8,7.327780538
2011/6/9,7.21964204
2011/6/10,7.363279587
2011/6/11,7.188412736
2011/6/12,7.250635512
2011/6/13,7.45007957
2011/6/14,7.197435354
2011/6/15,7.419380583
2011/6/16,7.379632153
2011/6/17,7.403061091
2011/6/18,7.515889085
2011/6/19,7.637234389
2011/6/20,7.526178913
2011/6/21,7.318539549
2011/6/22,7.382124366
2011/6/23,7.749753406
2011/6/24,7.676009932
2011/6/25,7.26612878
2011/6/26,7.583247524
2011/6/27,7.566828479
2011/6/28,7.560080465
2011/6/29,7.632885505
2011/6/30,7.500529485
2011/7/1,7.423568444
2011/7/2,7.390181428
2011/7/3,7.210079628
2011/7/4,7.945555428
2011/7/5,7.599901959
2011/7/6,7.562681247
2011/7/7,7.6118424
2011/7/8,8.999989642
2011/7/9,8.737933858
2011/7/10,8.267962305
2011/7/11,7.779048645
2011/7/12,7.578656851
2011/7/13,7.605392365
2011/7/14,8.291797105
2011/7/15,7.617759577
2011/7/16,7.358830898
2011/7/17,7.686621335
2011/7/18,7.753623547
2011/7/19,7.779048645
2011/7/20,8.057060682
2011/7/21,7.898411093
2011/7/22,7.797291274
2011/7/23,7.515344571
2011/7/24,7.482681828
2011/7/25,7.886832999
2011/7/26,8.397282895
2011/7/27,8.267705665
2011/7/28,8.236155662
2011/7/29,8.388905171
2011/7/30,9.078864009
2011/7/31,9.632990305
2011/8/1,8.947806093
2011/8/2,8.539345996
2011/8/3,8.347827346
2011/8/4,8.32530603
2011/8/5,8.255568653
2011/8/6,8.097121931
2011/8/7,8.135932772
2011/8/8,8.018954683
2011/8/9,8.086102536
2011/8/10,8.133293861
2011/8/11,8.049746291
2011/8/12,8.190631681
2011/8/13,8.04334217
2011/8/14,8.438149984
2011/8/15,8.107418812
2011/8/16,8.168769824
2011/8/17,8.174702882
2011/8/18,8.291295852
2011/8/19,8.305978211
2011/8/20,8.423102268
2011/8/21,8.756210092
2011/8/22,8.725832057
2011/8/23,8.707482918
2011/8/24,8.510772624
2011/8/25,8.702177866
2011/8/26,8.580543507
2011/8/27,9.225426009
2011/8/28,8.411165787
2011/8/29,8.451907725
2011/8/30,8.77183541
2011/8/31,8.238801166
2011/9/1,8.157083785
2011/9/3,8.03915739
2011/9/4,8.118505068
2011/9/5,9.185637759
2011/9/6,9.152393412
2011/9/7,9.02617712
2011/9/8,9.742261904
2011/9/9,10.08284639
2011/9/10,9.11107237
2011/9/11,9.73878978
2011/9/12,9.614938438
2011/9/13,9.348013177
2011/9/14,8.554296279
2011/9/15,8.449556543
2011/9/16,8.430545385
2011/9/17,8.605387202
2011/9/18,9.219894585
2011/9/19,9.50076867
2011/9/20,9.522300337
2011/9/21,8.478868077
2011/9/22,8.283494126
2011/9/23,8.26898821
2011/9/24,8.283241441
2011/9/25,9.030136571
2011/9/26,10.25255866
2011/9/27,9.166597449
2011/9/28,8.275376375
2011/9/29,8.34664209
2011/9/30,8.42156296
2011/10/1,8.19450551
2011/10/2,8.877660934
2011/10/3,8.994172434
2011/10/4,9.556762939
2011/10/5,8.414495793
2011/10/6,8.311398278
2011/10/7,8.365672384
2011/10/8,8.149023868
2011/10/9,8.968268811
2011/10/10,8.88322423
2011/10/11,8.70450229
2011/10/12,8.232971791
2011/10/13,8.173011312
2011/10/14,8.13446757
2011/10/15,8.834336974
2011/10/16,9.089753409
2011/10/17,9.01079127
2011/10/18,8.717518373
2011/10/19,8.422003004
2011/10/21,8.207129168
2011/10/22,8.054840221
2011/10/23,8.831565879
2011/10/24,10.18274675
2011/10/25,8.809862805
2011/10/26,8.76013937
2011/10/27,8.885025658
2011/10/28,8.561592779
2011/10/29,8.24957515
2011/10/30,9.356602879
2011/10/31,9.127502094
2011/11/1,8.791029857
2011/11/2,8.65347081
2011/11/3,8.743372131
2011/11/4,8.867427439
2011/11/5,8.440096141
2011/11/6,9.375685305
2011/11/7,9.741027445
2011/11/8,8.836228572
2011/11/9,8.461046031
2011/11/10,8.216358332
2011/11/11,8.228443883
2011/11/12,8.047189562
2011/11/13,9.072341874
2011/11/14,9.467614782
2011/11/15,8.986696696
2011/11/16,8.43923165
2011/11/17,8.42398081
2011/11/18,8.588024372
2011/11/19,8.254008591
2011/11/20,8.745125259
2011/11/21,9.495143304
2011/11/22,8.724695047
2011/11/23,8.359603271
2011/11/24,8.763740721
2011/11/25,8.727940222
2011/11/26,8.3854887
2011/11/27,9.313077449
2011/11/28,9.306195858
2011/11/29,9.846758458
2011/11/30,8.796792688
2011/12/1,8.646113971
2011/12/2,8.939843124
2011/12/3,8.843759382
2011/12/4,9.700514208
2011/12/5,9.539140395
2011/12/6,8.908288886
2011/12/7,9.021839764
2011/12/8,9.109635668
2011/12/9,8.871645668
2011/12/10,8.382289429
2011/12/11,9.232297539
2011/12/12,9.852878235
2011/12/13,8.847072313
2011/12/14,8.533460164
2011/12/15,8.588024372
2011/12/16,8.485496105
2011/12/17,8.189799619
2011/12/18,9.496871783
2011/12/19,9.462809689
2011/12/20,8.843470782
2011/12/21,8.363109176
2011/12/22,8.605753368
2011/12/23,6.586171655
2011/12/26,7.635786861
2011/12/27,9.248791558
2011/12/28,8.880724576
2011/12/29,8.696175847
2011/12/30,8.453827316
2011/12/31,8.144679183
2012/1/1,9.076351732
2012/1/2,10.24469854
2012/1/3,9.85828096
2012/1/4,9.187583385
2012/1/5,8.762489547
2012/1/6,8.50167338
2012/1/7,8.655214489
2012/1/8,10.03889219
2012/1/9,9.464362243
2012/1/10,8.973097896
2012/1/11,8.955577146
2012/1/12,8.919453169
2012/1/13,8.726318951
2012/1/14,8.739216115
2012/1/15,10.26196587
2012/1/16,10.56949475
2012/1/17,9.561208489
2012/1/18,9.604002768
2012/1/19,10.08610073
2012/1/20,9.728419624
2012/1/21,9.412055976
2012/1/22,9.8435783
2012/1/23,11.57217502
2012/1/24,10.28171849
2012/1/25,10.16976722
2012/1/26,9.682903224
2012/1/27,9.895505783
2012/1/28,9.37627845
2012/1/29,9.582179752
2012/1/30,10.34145212
2012/1/31,10.33397042
2012/2/1,10.2182253
2012/2/2,9.734062477
2012/2/3,10.18746276
2012/2/4,9.88857694
2012/2/5,11.07508695
2012/2/6,12.67354182
2012/2/7,10.9246967
2012/2/8,10.18153587
2012/2/9,9.863394459
2012/2/10,9.925738161
2012/2/11,9.401539077
2012/2/12,9.334414687
2012/2/13,9.147507063
2012/2/14,8.913953859
2012/2/15,9.180190395
2012/2/16,9.057189192
2012/2/17,8.712759975
2012/2/18,8.403128235
2012/2/19,8.294799359
2012/2/20,9.115919796
2012/2/21,8.951569643
2012/2/22,8.351374707
2012/2/23,8.653819789
2012/2/24,8.642944397
2012/2/25,8.716207971
2012/2/26,8.364973978
2012/2/27,8.373784608
2012/2/28,8.517193191
2012/2/29,8.318254329
2012/3/1,8.395477433
2012/3/2,8.322880022
2012/3/3,8.245646901
2012/3/4,8.631949429
2012/3/5,8.310660906
2012/3/6,8.432941639
2012/3/7,11.64483054
2012/3/8,11.36328792
2012/3/9,10.69294441
2012/3/10,10.33439296
2012/3/11,9.986080851
2012/3/12,10.28209521
2012/3/13,10.19436452
2012/3/14,10.09547062
2012/3/15,10.14686501
2012/3/16,10.14088898
2012/3/17,10.2095374
2012/3/18,10.03368213
2012/3/19,11.08283462
2012/3/20,11.17448329
2012/3/21,10.77928957
2012/3/22,9.947504438
2012/3/23,9.376024288
2012/3/24,8.997765772
2012/3/25,8.83287946
2012/3/26,8.898228986
2012/3/27,8.764678074
2012/3/28,8.541105011
2012/3/29,8.396154863
2012/3/30,8.312380597
2012/3/31,8.341171747
2012/4/1,8.13005904
2012/4/2,8.35819746
2012/4/3,8.355614996
2012/4/4,8.181720455
2012/4/5,8.10952566
2012/4/6,8.064636476
2012/4/7,7.823245691
2012/4/8,7.854769183
2012/4/9,8.101677747
2012/4/10,8.090402297
2012/4/11,7.989899375
2012/4/12,8.098946749
2012/4/13,8.653819789
2012/4/14,8.041091004
2012/4/15,8.049746291
2012/4/16,8.221478947
2012/4/17,8.170751424
2012/4/18,8.335431478
2012/4/19,8.256607345
2012/4/20,8.057694195
2012/4/21,7.707961532
2012/4/22,7.917171989
2012/4/23,8.260234292
2012/4/24,8.288031568
2012/4/25,8.368693183
2012/4/26,8.633552993
2012/4/27,9.272469743
2012/4/28,8.675563527
2012/4/29,8.483429561
2012/5/1,8.171882006
2012/5/2,8.206583614
2012/5/3,8.188966864
2012/5/4,8.030734924
2012/5/5,8.054840221
2012/5/6,9.155144737
2012/5/7,8.833316937
2012/5/8,8.349720837
2012/5/9,8.18339737
2012/5/10,7.956476798
2012/5/11,7.869401713
2012/5/12,7.709308333
2012/5/13,7.819234454
2012/5/14,7.832410927
2012/5/15,7.886832999
2012/5/16,8.037866235
2012/5/17,7.952615112
2012/5/18,7.767687277
2012/5/19,7.478169694
2012/5/20,7.539027056
2012/5/21,7.997999318
2012/5/22,8.309676896
2012/5/23,8.028781162
2012/5/24,7.790282381
2012/5/25,7.761744985
2012/5/26,7.476472381
2012/5/27,7.639642288
2012/5/28,7.655864018
2012/5/29,7.819636302
2012/5/30,7.813591553
2012/5/31,7.990576882
2012/6/1,7.812782819
2012/6/2,7.657755271
2012/6/3,7.694392803
2012/6/4,7.841492924
2012/6/5,7.933438388
2012/6/6,7.651120176
2012/6/7,7.723562472
2012/6/8,7.880048201
2012/6/9,7.940939762
2012/6/10,7.758760544
2012/6/11,7.63336965
2012/6/12,7.848543482
2012/6/13,7.897296473
2012/6/14,7.722234745
2012/6/15,7.712443834
2012/6/16,7.539558829
2012/6/17,7.911690521
2012/6/18,7.80139132
2012/6/19,8.401333305
2012/6/20,8.181440696
2012/6/21,7.862882035
2012/6/22,7.924072325
2012/6/23,7.566828479
2012/6/24,7.519149958
2012/6/25,7.648739789
2012/6/26,7.770645234
2012/6/27,7.609862201
2012/6/28,7.591861715
2012/6/29,7.539027056
2012/6/30,7.34536484
2012/7/1,7.463363046
2012/7/2,7.51479976
2012/7/3,7.642524134
2012/7/4,7.676009932
2012/7/5,7.557994959
2012/7/6,7.688913337
2012/7/7,7.60638739
2012/7/8,7.582229194
2012/7/9,7.7419679
2012/7/10,7.782390336
2012/7/11,8.006367568
2012/7/12,8.651024539
2012/7/13,8.403576465
2012/7/14,8.385032288
2012/7/15,8.028129059
2012/7/16,7.957877358
2012/7/17,7.99530662
2012/7/18,7.992268643
2012/7/19,7.935945103
2012/7/20,7.987864096
2012/7/21,7.783640596
2012/7/22,7.808729307
2012/7/23,8.053251154
2012/7/24,7.97590836
2012/7/25,8.122371243
2012/7/26,8.559869466
2012/7/27,8.927446816
2012/7/28,8.285765421
2012/7/29,8.283999304
2012/7/30,8.163371316
2012/7/31,7.914252279
2012/8/1,7.864419905
2012/8/2,8.072155308
2012/8/3,8.080237416
2012/8/4,8.120886021
2012/8/5,8.113127104
2012/8/6,8.144388866
2012/8/7,8.064636476
2012/8/8,7.944846711
2012/8/9,8.24143969
2012/8/10,9.007367027
2012/8/11,8.662331957
2012/8/12,8.800565992
2012/8/13,8.374246182
2012/8/14,8.564076777
2012/8/15,8.384347278
2012/8/16,8.126518169
2012/8/17,8.390722527
2012/8/18,8.335191583
2012/8/19,8.927844826
2012/8/20,9.00797936
2012/8/21,8.378160983
2012/8/22,8.203304027
2012/8/23,8.385716829
2012/8/24,8.311152548
2012/8/25,8.741456116
2012/8/26,9.442958894
2012/8/27,9.145908512
2012/8/28,8.589513853
2012/8/29,8.464846711
2012/8/30,8.365905077
2012/8/31,8.565411764
2012/9/1,8.472405009
2012/9/2,8.966483779
2012/9/3,8.560061092
2012/9/4,8.469052816
2012/9/5,8.743850562
2012/9/6,10.01382068
2012/9/7,8.691146499
2012/9/8,8.780941114
2012/9/9,9.839002363
2012/9/10,11.61494039
2012/9/11,9.628655892
2012/9/12,8.782936356
2012/9/13,8.681181042
2012/9/14,9.000976444
2012/9/15,8.746239288
2012/9/16,9.807251945
2012/9/17,9.612667228
2012/9/18,10.59209946
2012/9/19,8.75542238
2012/9/20,8.560635749
2012/9/21,9.40516675
2012/9/22,8.458079927
2012/9/23,9.54959445
2012/9/24,9.606024468
2012/9/25,8.677269139
2012/9/26,8.171034189
2012/9/27,8.24143969
2012/9/28,8.510973892
2012/9/29,8.323608442
2012/9/30,9.25922577
2012/10/1,9.849664746
2012/10/2,8.833171133
2012/10/3,8.497806478
2012/10/4,8.634086943
2012/10/5,9.042276687
2012/10/6,8.550047528
2012/10/7,9.81809305
2012/10/8,9.902086572
2012/10/9,8.916371915
2012/10/10,8.332067707
2012/10/11,8.236685323
2012/10/12,8.40178234
2012/10/13,8.24170316
2012/10/14,9.035629778
2012/10/15,9.104090572
2012/10/16,10.83214154
2012/10/17,8.778787929
2012/10/18,8.480114183
2012/10/19,8.48941081
2012/10/20,8.250620082
2012/10/21,9.543449818
2012/10/22,9.097171674
2012/10/23,8.669399124
2012/10/24,8.349247801
2012/10/25,8.340694648
2012/10/26,8.494743063
2012/10/27,8.533263372
2012/10/28,9.219795531
2012/10/29,10.44429907
2012/10/30,8.87696334
2012/10/31,8.681859813
2012/11/1,8.498214225
2012/11/2,8.568456485
2012/11/3,8.458716262
2012/11/4,9.718181547
2012/11/5,9.687009239
2012/11/6,8.830104318
2012/11/7,8.387995253
2012/11/8,8.498418036
2012/11/9,8.847216104
2012/11/10,8.280964401
2012/11/11,9.26492325
2012/11/12,9.111734768
2012/11/13,8.706821323
2012/11/14,8.331827004
2012/11/15,8.366602833
2012/11/16,8.276903481
2012/11/17,8.129469765
2012/11/18,9.179159254
2012/11/19,9.685580268
2012/11/20,8.655214489
2012/11/21,8.294549515
2012/11/22,8.652248422
2012/11/23,8.929700114
2012/11/24,8.395929104
2012/11/25,9.467537463
2012/11/26,9.889794225
2012/11/27,8.849227021
2012/11/28,8.614319902
2012/11/29,8.481566014
2012/11/30,8.749098248
2012/12/1,8.653645315
2012/12/2,9.348274558
2012/12/3,9.676837862
2012/12/4,9.642901706
2012/12/5,8.728911725
2012/12/6,8.778941882
2012/12/7,9.96057652
2012/12/8,8.73777346
2012/12/9,9.252633284
2012/12/10,9.266248004
2012/12/11,9.427304872
2012/12/12,8.793005091
2012/12/13,8.703008637
2012/12/14,8.439447843
2012/12/15,8.291045131
2012/12/16,9.313257906
2012/12/17,9.347926035
2012/12/18,8.791486027
2012/12/19,8.518991573
2012/12/20,8.41294317
2012/12/21,8.296795866
2012/12/22,8.212568398
2012/12/23,9.256555796
2012/12/24,9.652265977
2012/12/25,8.637462024
2012/12/26,8.60776489
2012/12/27,8.965334574
2012/12/28,8.683724062
2012/12/29,8.532672762
2012/12/30,9.490166668
2012/12/31,10.14285872
2013/1/1,9.111624399
2013/1/2,9.085003881
2013/1/3,9.055089087
2013/1/4,9.336267929
2013/1/5,9.23960787
2013/1/6,10.13273245
2013/1/7,9.49122439
2013/1/8,9.112286432
2013/1/9,9.063578991
2013/1/10,8.972971113
2013/1/11,9.1454818
2013/1/12,10.54186171
2013/1/13,11.50752089
2013/1/14,10.19316763
2013/1/15,9.279959714
2013/1/16,8.846353043
2013/1/17,8.7326271
2013/1/18,8.655040258
2013/1/19,8.454466362
2013/1/20,8.963672276
2013/1/21,10.02109279
2013/1/22,9.005650499
2013/1/23,8.86092473
2013/1/24,8.585225602
2013/1/25,8.536211197
2013/1/26,8.458504195
2013/1/27,8.534443545
2013/1/28,10.10422188
2013/1/29,8.650674583
2013/1/30,8.51218065
2013/1/31,8.485496105
2013/2/1,8.577911926
2013/2/2,8.549853974
2013/2/3,9.606226414
2013/2/4,10.02619179
2013/2/5,8.870241567
2013/2/6,8.527935288
2013/2/7,8.383433201
2013/2/8,8.200837258
2013/2/9,8.092851028
2013/2/10,8.038834758
2013/2/11,8.086410275
2013/2/12,8.03657341
2013/2/13,7.975220839
2013/2/14,7.842671475
2013/2/15,7.893572074
2013/2/16,7.817625443
2013/2/17,7.82284529
2013/2/18,7.967280179
2013/2/19,8.006700845
2013/2/20,7.911324019
2013/2/21,7.851661178
2013/2/22,7.87207398
2013/2/23,7.753623547
2013/2/24,7.68294317
2013/2/25,7.843848638
2013/2/26,8.191463051
2013/2/27,7.97831097
2013/2/28,7.923348212
2013/3/1,7.871311203
2013/3/2,7.743703258
2013/3/3,7.778630147
2013/3/4,7.835183755
2013/3/5,7.838343316
2013/3/6,7.846198815
2013/3/7,7.920446505
2013/3/8,7.757906208
2013/3/9,7.586296307
2013/3/10,7.51479976
2013/3/11,7.757906208
2013/3/12,7.803435057
2013/3/13,8.078998259
2013/3/14,8.380685947
2013/3/15,8.064321961
2013/3/16,7.852827812
2013/3/17,7.903965634
2013/3/18,7.844632644
2013/3/19,7.889459149
2013/3/20,8.225503098
2013/3/21,8.540714386
2013/3/22,8.019283793
2013/3/23,7.831220215
2013/3/24,8.433159196
2013/3/25,8.096208272
2013/3/26,7.866338923
2013/3/27,7.779048645
2013/3/28,7.773594467
2013/3/29,7.772752716
2013/3/30,7.768110379
2013/3/31,7.480992163
2013/4/1,7.743703258
2013/4/2,7.596392304
2013/4/3,7.680637428
2013/4/4,7.538494999
2013/4/5,7.45007957
2013/4/6,7.443078374
2013/4/7,7.548555979
2013/4/8,7.640603826
2013/4/9,7.676473646
2013/4/10,7.567345676
2013/4/11,8.076826031
2013/4/12,7.701200181
2013/4/13,7.368339686
2013/4/14,7.366445148
2013/4/15,7.486613313
2013/4/16,7.574045005
2013/4/17,7.568895663
2013/4/18,7.639642288
2013/4/19,7.853216388
2013/4/20,7.311886164
2013/4/21,7.536363938
2013/4/22,7.682482447
2013/4/23,7.731930722
2013/4/24,8.012018239
2013/4/25,7.980365765
2013/4/26,8.171316875
2013/4/27,7.977968093
2013/4/28,7.794823152
2013/4/29,8.304247465
2013/4/30,8.056426768
2013/5/1,7.777792626
2013/5/2,8.228977643
2013/5/3,7.900636613
2013/5/4,7.461640392
2013/5/5,7.549082711
2013/5/6,7.816819966
2013/5/7,7.722234745
2013/5/8,7.715569535
2013/5/9,7.726212651
2013/5/10,7.58171964
2013/5/11,7.265429723
2013/5/12,7.301147806
2013/5/13,7.474204806
2013/5/14,7.588829878
2013/5/15,7.61085279
2013/5/16,7.647786045
2013/5/17,7.60190196
2013/5/18,7.254177846
2013/5/19,7.180069874
2013/5/20,7.377133713
2013/5/21,7.5750717
2013/5/22,7.50714108
2013/5/23,7.585788822
2013/5/24,7.40731771
2013/5/25,7.030857476
2013/5/26,7.150701458
2013/5/27,7.254177846
2013/5/28,7.450660796
2013/5/29,7.551186867
2013/5/30,7.61332498
2013/5/31,7.427144133
2013/6/1,7.350516172
2013/6/2,7.288244401
2013/6/3,7.434847875
2013/6/4,7.537430037
2013/6/5,7.3524411
2013/6/6,7.282073658
2013/6/7,7.303170051
2013/6/8,7.293697721
2013/6/9,7.229838778
2013/6/10,7.5750717
2013/6/11,7.974188669
2013/6/12,7.615791072
2013/6/13,7.474204806
2013/6/14,7.33432935
2013/6/15,7.319202459
2013/6/16,7.404887576
2013/6/17,7.424761762
2013/6/18,7.470224136
2013/6/19,7.367708572
2013/6/20,7.284134806
2013/6/21,7.325807503
2013/6/22,7.290974778
2013/6/23,7.19142933
2013/6/24,7.289610521
2013/6/25,7.332369206
2013/6/26,7.395721609
2013/6/27,7.567345676
2013/6/28,7.621195163
2013/6/29,7.268920128
2013/6/30,7.26961675
2013/7/1,7.307872781
2013/7/2,7.281385664
2013/7/3,7.321188557
2013/7/4,7.512071246
2013/7/5,7.500529485
2013/7/6,7.113142109
2013/7/7,7.142036575
2013/7/8,7.323830566
2013/7/9,7.428927195
2013/7/10,7.528869257
2013/7/11,7.419979924
2013/7/12,7.473069088
2013/7/13,7.337587744
2013/7/14,7.35436233
2013/7/15,7.582738489
2013/7/16,7.626082758
2013/7/17,7.759614151
2013/7/18,7.940583827
2013/7/19,7.590852124
2013/7/20,7.418180823
2013/7/21,7.411556288
2013/7/22,7.597897951
2013/7/24,6.635946556
2013/7/25,7.647308832
2013/7/26,7.827639546
2013/7/27,7.63385356
2013/7/28,8.530306831
2013/7/29,8.529516941
2013/7/30,7.851271997
2013/7/31,7.795646536
2013/8/1,7.582229194
2013/8/2,7.438971592
2013/8/3,7.638679824
2013/8/4,7.527255919
2013/8/5,7.724888439
2013/8/6,7.913521017
2013/8/7,8.659560433
2013/8/8,8.295798111
2013/8/9,8.132412675
2013/8/10,7.92551898
2013/8/11,7.828436359
2013/8/12,7.844240718
2013/8/13,7.776954403
2013/8/14,7.766840537
2013/8/15,7.789868559
2013/8/16,7.693937326
2013/8/17,7.715569535
2013/8/18,8.152774053
2013/8/19,8.252967195
2013/8/20,7.941295571
2013/8/21,7.809541325
2013/8/22,7.819234454
2013/8/23,7.812378206
2013/8/24,7.54538975
2013/8/25,8.47428569
2013/8/26,7.791935957
2013/8/27,7.668093709
2013/8/28,7.805474625
2013/8/29,7.967280179
2013/8/30,7.994294986
2013/8/31,7.809541325
2013/9/1,8.703174709
2013/9/2,7.967280179
2013/9/3,8.096208272
2013/9/4,8.037866235
2013/9/5,8.580167991
2013/9/6,10.87185827
2013/9/7,9.192481854
2013/9/8,9.150696519
2013/9/9,9.823198981
2013/9/10,8.768885326
2013/9/11,8.508555998
2013/9/12,8.72972059
2013/9/13,8.921457579
2013/9/14,8.529911964
2013/9/15,10.41598178
2013/9/16,10.33698927
2013/9/17,9.146441646
2013/9/18,8.508757713
2013/9/19,8.386172929
2013/9/20,8.361007108
2013/9/21,8.129764446
2013/9/22,8.731981938
2013/9/23,8.735846677
2013/9/24,10.81969828
2013/9/25,10.65909297
2013/9/26,9.849453664
2013/9/27,8.888204871
2013/9/28,8.927712174
2013/9/29,9.6673854
2013/9/30,10.16350291
2013/10/1,9.337941717
2013/10/2,9.177197153
2013/10/3,8.879054662
2013/10/4,8.578664514
2013/10/5,8.730043953
2013/10/6,9.953324787
2013/10/7,10.23874477
2013/10/8,9.203114327
2013/10/9,8.747193184
2013/10/10,8.775549434
2013/10/11,9.209840247
2013/10/12,8.528133131
2013/10/13,9.057655284
2013/10/14,9.422948621
2013/10/15,9.029178143
2013/10/16,9.097731428
2013/10/17,9.448096636
2013/10/18,9.112507012
2013/10/19,8.80267284
2013/10/20,9.208438565
2013/10/21,11.04708914
2013/10/22,9.327589932
2013/10/23,8.678801707
2013/10/24,8.576593535
2013/10/25,8.435983136
2013/10/26,8.19007705
2013/10/27,9.060447282
2013/10/28,9.270305953
2013/10/29,8.50167338
2013/10/30,8.18729927
2013/10/31,8.095903533
2013/11/1,8.04334217
2013/11/2,7.952615112
2013/11/3,8.399085103
2013/11/4,8.791029857
2013/11/5,8.303009381
2013/11/6,8.119100838
2013/11/7,8.230310799
2013/11/8,8.157657015
2013/11/9,7.829232538
2013/11/10,8.573951525
2013/11/11,9.611328808
2013/11/12,8.92385758
2013/11/13,8.365439636
2013/11/14,8.311889558
2013/11/15,8.631414336
2013/11/16,8.453827316
2013/11/17,8.905851181
2013/11/18,10.86748214
2013/11/19,9.155144737
2013/11/20,8.439447843
2013/11/21,8.443546651
2013/11/22,8.572627898
2013/11/23,8.372398607
2013/11/24,8.736007385
2013/11/25,10.38850294
2013/11/26,8.708804795
2013/11/27,8.195333667
2013/11/28,8.221478947
2013/11/29,8.27512163
2013/11/30,8.169902647
2013/12/1,8.822322177
2013/12/2,9.805433612
2013/12/3,9.38907216
2013/12/4,8.981304495
2013/12/5,8.579228582
2013/12/6,8.487764381
2013/12/7,8.721928343
2013/12/8,8.918248591
2013/12/9,9.651622973
2013/12/10,8.864746661
2013/12/11,8.509362612
2013/12/12,8.631771096
2013/12/13,9.202711345
2013/12/14,8.903815212
2013/12/15,9.026537719
2013/12/16,9.237663668
2013/12/17,8.895081532
2013/12/18,8.642944397
2013/12/19,8.129764446
2013/12/20,8.291797105
2013/12/21,8.098034756
2013/12/22,9.518780498
2013/12/23,9.904686833
2013/12/24,8.937349848
2013/12/25,8.578852572
2013/12/26,8.715880102
2013/12/27,8.488999457
2013/12/28,8.505727713
2013/12/29,9.300089664
2013/12/30,10.14615918
2013/12/31,9.177093778
2014/1/1,8.835646923
2014/1/2,8.83287946
2014/1/3,8.92305822
2014/1/4,8.893298144
2014/1/5,8.602636673
2014/1/7,8.991437815
2014/1/8,8.806873267
2014/1/9,8.854093908
2014/1/10,8.931023216
2014/1/11,8.852807918
2014/1/12,10.69330762
2014/1/13,11.30756044
2014/1/14,9.837454582
2014/1/15,9.605081517
2014/1/16,9.745370684
2014/1/17,9.67564548
2014/1/18,9.434683204
2014/1/19,11.50362232
2014/1/20,11.97677897
2014/1/21,10.54257446
2014/1/22,10.00428266
2014/1/23,9.732817848
2014/1/24,9.866460432
2014/1/25,9.370927437
2014/1/26,9.490544555
2014/1/27,10.13915238
2014/1/28,9.999842641
2014/1/29,10.03271595
2014/1/30,10.38037369
2014/1/31,10.453053
2014/2/1,10.24013834
2014/2/2,11.76051965
2014/2/3,12.84674689
2014/2/4,10.76688371
2014/2/5,9.845222644
2014/2/6,9.29035231
2014/2/7,9.103311799
2014/2/8,8.795733606
2014/2/9,8.623353387
2014/2/10,8.418256444
2014/2/11,8.310906757
2014/2/12,8.236155662
2014/2/13,8.13123655
2014/2/14,7.927685046
2014/2/15,7.759187439
2014/2/16,7.726653665
2014/2/17,7.835183755
2014/2/18,7.884199934
2014/2/19,7.914617709
2014/2/20,7.92551898
2014/2/21,7.75319427
2014/2/22,7.508787171
2014/2/23,7.557472902
2014/2/24,7.802618063
2014/2/25,7.68386398
2014/2/26,7.984462732
2014/2/27,7.851661178
2014/2/28,7.684783944
2014/3/1,7.337587744
2014/3/2,7.40367029
2014/3/3,7.86787149
2014/3/4,7.898411093
2014/3/5,7.584264818
2014/3/6,7.714231145
2014/3/7,7.889459149
2014/3/8,7.325807503
2014/3/9,7.488852956
2014/3/10,7.553810852
2014/3/11,7.669961995
2014/3/12,7.988203597
2014/3/13,8.004365565
2014/3/14,7.651120176
2014/3/15,7.486613313
2014/3/16,7.449498005
2014/3/17,7.595387279
2014/3/18,7.609862201
2014/3/19,7.54802897
2014/3/20,7.617759577
2014/3/21,7.595387279
2014/3/22,7.346655163
2014/3/23,7.401231264
2014/3/24,8.093156698
2014/3/25,7.923710334
2014/3/26,7.690743164
2014/3/27,8.43901541
2014/3/28,7.782390336
2014/3/29,7.308542798
2014/3/30,7.261927093
2014/3/31,7.437206367
2014/4/1,7.54009032
2014/4/2,7.585281079
2014/4/3,7.608870629
2014/4/4,7.464509835
2014/4/5,7.156956365
2014/4/6,7.487733761
2014/4/7,7.448916103
2014/4/8,7.470224136
2014/4/9,7.436027816
2014/4/10,7.521859252
2014/4/11,7.410347098
2014/4/12,7.156176637
2014/4/13,7.138073034
2014/4/14,7.36264527
2014/4/15,7.516977225
2014/4/16,7.617267814
2014/4/17,7.495541944
2014/4/18,7.392031568
2014/4/19,7.17472431
2014/4/20,8.091321274
2014/4/21,7.515344571
2014/4/22,7.845807503
2014/4/23,7.691200098
2014/4/24,7.834788107
2014/4/25,7.677400431
2014/4/26,7.248504072
2014/4/27,7.402451521
2014/4/28,7.694392803
2014/4/29,7.826044014
2014/4/30,7.6118424
2014/5/1,7.513709248
2014/5/2,7.676009932
2014/5/3,7.240649694
2014/5/4,7.655390645
2014/5/5,8.139440522
2014/5/6,8.374938144
2014/5/7,7.901747519
2014/5/8,8.023879993
2014/5/9,8.750207863
2014/5/10,8.081784207
2014/5/11,7.704361168
2014/5/12,7.868254266
2014/5/13,7.819636302
2014/5/14,7.760893196
2014/5/15,7.667158255
2014/5/16,7.634337236
2014/5/17,7.351158226
2014/5/18,7.589335823
2014/5/19,7.910223707
2014/5/20,7.854769183
2014/5/21,7.646831391
2014/5/22,7.491645474
2014/5/23,7.523481313
2014/5/24,7.035268599
2014/5/25,7.065613364
2014/5/26,7.229838778
2014/5/27,7.508238775
2014/5/28,8.311643949
2014/5/29,8.014004995
2014/5/30,7.497207223
2014/5/31,7.831617276
2014/6/1,7.151485464
2014/6/2,7.410951876
2014/6/3,7.630946581
2014/6/4,7.475905969
2014/6/5,7.588323677
2014/6/6,7.24636808
2014/6/7,7.103322063
2014/6/8,7.104144093
2014/6/9,7.192934221
2014/6/10,7.401231264
2014/6/11,7.439559309
2014/6/12,7.707961532
2014/6/13,7.350516172
2014/6/14,7.322510434
2014/6/15,7.285506549
2014/6/16,7.367708572
2014/6/17,7.267525428
2014/6/18,7.224753406
2014/6/19,7.222566019
2014/6/20,7.351799869
2014/6/21,6.975413927
2014/6/22,7.043159916
2014/6/23,7.480992163
2014/6/24,7.203405521
2014/6/25,7.224024808
2014/6/26,7.113142109
2014/6/27,7.079184395
2014/6/28,6.88550967
2014/6/29,6.874198495
2014/6/30,7.723120092
2014/7/1,7.496652438
2014/7/2,7.224024808
2014/7/3,7.272398393
2014/7/4,7.079184395
2014/7/5,6.854354502
2014/7/6,6.930494766
2014/7/7,7.156176637
2014/7/8,7.314552832
2014/7/9,7.226936018
2014/7/10,7.656810091
2014/7/11,7.54009032
2014/7/12,7.210079628
2014/7/13,7.249925537
2014/7/14,7.294377299
2014/7/15,7.519149958
2014/7/16,7.422373701
2014/7/17,8.223627176
2014/7/18,7.492760301
2014/7/19,7.224753406
2014/7/20,7.25629724
2014/7/21,7.448916103
2014/7/22,7.655390645
2014/7/23,7.671360923
2014/7/24,7.924072325
2014/7/25,7.800982071
2014/7/26,7.456454555
2014/7/27,7.36264527
2014/7/28,8.213110698
2014/7/29,8.236420527
2014/7/30,7.921535632
2014/7/31,7.745002804
2014/8/1,7.578145472
2014/8/2,7.566828479
2014/8/3,7.658227526
2014/8/4,8.270781013
2014/8/5,7.803026644
2014/8/6,7.622663951
2014/8/7,7.700295203
2014/8/8,8.058643712
2014/8/9,7.641084249
2014/8/10,7.836369761
2014/8/11,8.373553741
2014/8/12,8.609407675
2014/8/13,8.177234886
2014/8/14,8.036896773
2014/8/15,7.953318347
2014/8/16,7.784889296
2014/8/17,8.073714641
2014/8/18,8.280457687
2014/8/19,8.199189359
2014/8/20,8.000349495
2014/8/21,7.887208586
2014/8/22,7.83715965
2014/8/23,7.979681302
2014/8/24,8.518392472
2014/8/25,8.356319966
2014/8/26,7.932362154
2014/8/27,7.836764783
2014/8/29,8.537191878
2014/8/30,8.026496939
2014/8/31,7.972810784
2014/9/1,8.374476889
2014/9/2,8.253227646
2014/9/3,8.445911989
2014/9/4,8.49269556
2014/9/5,8.839131753
2014/9/6,8.07589363
2014/9/7,8.750207863
2014/9/8,10.70241266
2014/9/9,10.05997835
2014/9/10,8.793156871
2014/9/11,8.714403361
2014/9/12,9.056256357
2014/9/13,8.621553207
2014/9/14,9.961426217
2014/9/15,9.70856696
2014/9/16,9.196444267
2014/9/17,8.614319902
2014/9/18,8.889032572
2014/9/19,9.016270068
2014/9/20,8.199189359
2014/9/21,9.162199997
2014/9/22,9.607504455
2014/9/23,8.442900587
2014/9/24,8.157370441
2014/9/25,8.184513753
2014/9/26,8.838986793
2014/9/27,8.212839585
2014/9/28,8.336150816
2014/9/29,8.590443653
2014/9/30,8.701346403
2014/10/1,8.266421473
2014/10/2,8.274611946
2014/10/3,8.366370302
2014/10/4,8.035278911
2014/10/5,9.231514607
2014/10/6,9.964676721
2014/10/7,8.845489237
2014/10/8,8.672999643
2014/10/9,8.400659375
2014/10/10,8.580355766
2014/10/11,8.02059915
2014/10/12,9.107532152
2014/10/13,9.438352055
2014/10/14,8.501267041
2014/10/15,8.313361951
2014/10/16,8.325548307
2014/10/17,8.476371197
2014/10/18,8.201111644
2014/10/19,8.700514249
2014/10/20,11.27446521
2014/10/21,9.607571675
2014/10/22,8.878636747
2014/10/23,8.765926514
2014/10/24,9.856395945
2014/10/25,8.434246271
2014/10/26,8.803424212
2014/10/27,9.381769488
2014/10/28,8.76029622
2014/10/29,8.555066844
2014/10/30,8.46884293
2014/10/31,8.531293316
2014/11/1,8.045588281
2014/11/2,9.090204571
2014/11/3,9.454148924
2014/11/4,9.059052258
2014/11/5,8.259458195
2014/11/6,8.189522111
2014/11/7,8.195333667
2014/11/8,7.693937326
2014/11/9,8.290041619
2014/11/10,9.032886947
2014/11/11,8.382747095
2014/11/12,8.217978203
2014/11/13,8.12474302
2014/11/14,8.046869511
2014/11/15,7.573017256
2014/11/16,8.398634855
2014/11/17,8.711443319
2014/11/18,8.251142139
2014/11/19,7.992268643
2014/11/20,8.005367067
2014/11/21,8.08085642
2014/11/22,7.528331767
2014/11/23,8.202482447
2014/11/24,9.074406095
2014/11/25,8.214735833
2014/11/26,7.96797318
2014/11/27,8.128290172
2014/11/28,7.953669779
2014/11/29,7.6666902
2014/11/30,7.965545573
2014/12/1,9.142168592
2014/12/2,8.287025025
2014/12/3,8.283241441
2014/12/4,8.301025254
2014/12/5,8.387995253
2014/12/6,7.709756864
2014/12/7,8.111027838
2014/12/8,8.745602852
2014/12/9,8.391403185
2014/12/10,8.119696253
2014/12/11,8.235890726
2014/12/12,8.106816039
2014/12/13,7.711996507
2014/12/14,8.425297177
2014/12/15,8.849370504
2014/12/16,8.493105396
2014/12/17,8.174139343
2014/12/18,8.102283624
2014/12/19,7.833600224
2014/12/20,7.522940918
2014/12/21,7.910223707
2014/12/22,8.365439636
2014/12/23,9.060563447
2014/12/24,8.179199798
2014/12/25,8.016317899
2014/12/26,8.103191752
2014/12/27,7.814399634
2014/12/28,8.387995253
2014/12/29,8.74814617
2014/12/30,8.312871394
2014/12/31,7.923348212
2015/1/1,7.846589975
2015/1/2,8.30201781
2015/1/3,8.436200032
2015/1/4,8.93458687
2015/1/5,8.888618807
2015/1/6,8.664232934
2015/1/7,8.500047033
2015/1/8,8.418256444
2015/1/9,8.472195825
2015/1/10,8.307212627
2015/1/11,9.886595685
2015/1/12,10.69498574
2015/1/13,9.760194383
2015/1/14,9.11007795
2015/1/15,8.799510901
2015/1/16,8.783089672
2015/1/17,8.429890863
2015/1/18,8.878776072
2015/1/19,9.759386209
2015/1/20,8.952087644
2015/1/21,8.66112036
2015/1/22,8.58485184
2015/1/23,8.396606228
2015/1/24,7.923710334
2015/1/25,8.085486772
2015/1/26,8.358900612
2015/1/27,8.303504799
2015/1/28,8.277920258
2015/1/29,8.363575703
2015/1/30,8.59822003
2015/1/31,8.081165778
2015/2/1,9.034438167
2015/2/2,10.28322451
2015/2/3,9.27322127
2015/2/4,8.7140749
2015/2/6,8.23350314
2015/2/7,7.884199934
2015/2/8,7.812782819
2015/2/9,7.931284762
2015/2/10,8.414495793
2015/2/11,8.156510226
2015/2/12,7.857093865
2015/2/13,7.909856667
2015/2/14,7.809135398
2015/2/15,7.507690078
2015/2/16,8.203851372
2015/2/17,7.821643126
2015/2/18,7.803843304
2015/2/19,7.760893196
2015/2/20,7.703459048
2015/2/21,8.06117136
2015/2/22,7.350516172
2015/2/23,7.483806688
2015/2/24,7.540621529
2015/2/25,7.696667082
2015/2/26,7.503840747
2015/2/27,7.398174093
2015/2/28,7.042286172
2015/3/1,7.052721049
2015/3/2,7.36264527
2015/3/3,7.623153068
2015/3/4,7.795234929
2015/3/5,8.426830751
2015/3/6,7.916807491
2015/3/7,7.236339343
2015/3/8,7.206377291
2015/3/9,7.556427969
2015/3/10,7.582738489
2015/3/11,7.68294317
2015/3/12,7.606884531
2015/3/13,7.703459048
2015/3/14,7.151485464
2015/3/15,7.04053639
2015/3/16,7.338888134
2015/3/17,7.484368643
2015/3/18,7.351799869
2015/3/19,7.423568444
2015/3/20,7.291656209
2015/3/21,6.816735881
2015/3/22,6.910750788
2015/3/23,7.321188557
2015/3/24,7.991592282
2015/3/25,7.712890961
2015/3/26,7.28276118
2015/3/27,7.305860033
2015/3/28,6.905753276
2015/3/29,7.873217055
2015/3/30,7.085901464
2015/3/31,7.271008538
2015/4/1,7.213768308
2015/4/2,7.166265974
2015/4/3,7.21303166
2015/4/4,6.829793738
2015/4/5,6.801283034
2015/4/6,7.157735484
2015/4/7,7.045776577
2015/4/8,7.091742115
2015/4/9,7.23417718
2015/4/10,7.280008253
2015/4/11,6.697034248
2015/4/12,7.028201432
2015/4/13,7.17472431
2015/4/14,7.22329568
2015/4/15,7.336936914
2015/4/16,7.362010551
2015/4/17,7.263329617
2015/4/18,6.811244379
2015/4/19,7.318539549
2015/4/20,7.640123173
2015/4/21,7.405495663
2015/4/22,7.572502985
2015/4/23,7.485491608
2015/4/24,7.333023014
2015/4/25,7.205635176
2015/4/26,7.090909822
2015/4/27,7.326465614
2015/4/28,7.355641103
2015/4/29,7.463363046
2015/4/30,7.567345676
2015/5/1,7.749753406
2015/5/2,7.14440718
2015/5/3,6.899723107
2015/5/4,7.331060305
2015/5/5,7.221105098
2015/5/6,7.737616283
2015/5/7,7.363279587
2015/5/8,7.290974778
2015/5/9,7.038783541
2015/5/10,6.932447892
2015/5/11,7.305860033
2015/5/12,7.686162303
2015/5/13,7.479299638
2015/5/14,7.26961675
2015/5/15,7.309212366
2015/5/16,6.74051936
2015/5/17,6.805722553
2015/5/18,7.142827401
2015/5/19,7.18690102
2015/5/20,7.140453043
2015/5/21,8.761550139
2015/5/22,8.279443488
2015/5/23,7.437206367
2015/5/24,7.160069208
2015/5/25,7.041411664
2015/5/26,7.17472431
2015/5/27,7.412764017
2015/5/28,7.25629724
2015/5/29,7.284820913
2015/5/30,6.726233402
2015/5/31,6.932447892
2015/6/1,7.074116816
2015/6/2,7.202661197
2015/6/3,7.164720379
2015/6/4,7.067319849
2015/6/5,6.906754779
2015/6/6,6.677083461
2015/6/7,6.517671273
2015/6/8,7.043159916
2015/6/9,7.043159916
2015/6/10,6.91770561
2015/6/11,7.057897937
2015/6/12,6.855408799
2015/6/13,6.643789733
2015/6/14,6.525029658
2015/6/15,6.89060912
2015/6/16,6.926577033
2015/6/17,7.00488199
2015/6/18,6.873163834
2015/6/19,6.89060912
2015/6/20,6.442540166
2015/6/21,6.835184586
2015/6/22,7.272398393
2015/6/23,7.077498054
2015/6/24,7.344072851
2015/6/25,7.291656209
2015/6/26,7.271703707
2015/6/27,7.454719949
2015/6/28,6.692083743
2015/6/29,6.963189986
2015/6/30,7.016609684
2015/7/1,6.791221463
2015/7/2,6.820016365
2015/7/3,6.618738984
2015/7/4,6.473890696
2015/7/5,6.499787041
2015/7/6,6.859614904
2015/7/7,6.881411304
2015/7/8,6.997595983
2015/7/9,7.152268856
2015/7/10,7.196686571
2015/7/11,6.708084084
2015/7/12,6.982862751
2015/7/13,7.128495946
2015/7/14,7.089243155
2015/7/15,7.198931241
2015/7/16,8.090708716
2015/7/17,7.39387829
2015/7/18,7.05012252
2015/7/19,7.19518732
2015/7/20,7.44132039
2015/7/21,7.417580402
2015/7/22,7.474204806
2015/7/23,7.392647521
2015/7/24,7.185387016
2015/7/25,6.864847778
2015/7/26,6.834108739
2015/7/27,7.28756064
2015/7/28,7.224024808
2015/7/29,7.244227516
2015/7/30,7.306531399
2015/7/31,7.317212408
2015/8/1,6.958448393
2015/8/2,6.825460036
2015/8/3,7.181591945
2015/8/4,7.276556403
2015/8/5,7.271008538
2015/8/6,7.824445931
2015/8/7,7.419380583
2015/8/8,7.007600614
2015/8/9,7.073269717
2015/8/10,7.265429723
2015/8/11,7.602401336
2015/8/12,7.557472902
2015/8/13,7.582229194
2015/8/14,7.289610521
2015/8/15,7.330405212
2015/8/16,7.221105098
2015/8/17,7.431299675
2015/8/18,7.750184162
2015/8/19,7.629975707
2015/8/20,7.730614066
2015/8/21,7.824046011
2015/8/22,7.22620901
2015/8/23,7.477038472
2015/8/24,7.863266724
2015/8/25,7.9490915
2015/8/26,7.769800996
2015/8/27,7.579678823
2015/8/28,7.549082711
2015/8/29,7.291656209
2015/8/30,7.789868559
2015/8/31,7.656810091
2015/9/1,7.534762657
2015/9/2,7.665284718
2015/9/3,8.06652149
2015/9/4,8.149312844
2015/9/5,7.725330038
2015/9/6,7.717351272
2015/9/7,7.677863501
2015/9/8,7.895063498
2015/9/9,8.079927771
2015/9/10,8.193400232
2015/9/11,8.665095821
2015/9/12,7.844632644
2015/9/13,8.779095811
2015/9/14,9.058703197
2015/9/15,8.421783007
2015/9/16,8.072155308
2015/9/17,8.40469616
2015/9/18,9.721845765
2015/9/19,8.114025442
2015/9/20,8.430763463
2015/9/21,8.548885638
2015/9/22,8.322880022
2015/9/23,8.00836557
2015/9/24,8.119993828
2015/9/25,8.58260633
2015/9/26,7.609862201
2015/9/27,8.412054873
2015/9/28,9.541010092
2015/9/29,8.559486104
2015/9/30,8.144388866
2015/10/1,7.99125393
2015/10/2,7.885329239
2015/10/3,7.459914766
2015/10/4,8.375168691
2015/10/5,8.726805608
2015/10/6,8.075271546
2015/10/7,7.800572655
2015/10/8,7.749753406
2015/10/9,7.919719761
2015/10/10,7.356279877
2015/10/11,8.173011312
2015/10/13,8.261009786
2015/10/14,7.846589975
2015/10/15,7.740229525
2015/10/16,7.830425618
2015/10/17,7.361375429
2015/10/18,8.298788394
2015/10/19,8.741775707
2015/10/20,8.39705739
2015/10/21,7.778211475
2015/10/22,7.933796875
2015/10/23,7.860185057
2015/10/24,7.942362238
2015/10/25,8.198089249
2015/10/26,8.429017501
2015/10/27,8.056743775
2015/10/28,7.811163385
2015/10/29,7.786551806
2015/10/30,8.108623268
2015/10/31,7.621195163
2015/11/1,8.092851028
2015/11/2,9.392245175
2015/11/3,8.453187861
2015/11/4,8.094378445
2015/11/5,7.99125393
2015/11/6,8.328209492
2015/11/7,7.641084249
2015/11/8,8.486321528
2015/11/9,9.16356318
2015/11/10,8.188411308
2015/11/11,7.826443135
2015/11/12,7.960672608
2015/11/13,7.672292456
2015/11/14,7.163172391
2015/11/15,7.902117546
2015/11/16,9.634300063
2015/11/17,8.848222068
2015/11/18,8.383204551
2015/11/19,8.164510269
2015/11/20,8.052933037
2015/11/21,7.56112159
2015/11/22,8.256347773
2015/11/23,8.672828483
2015/11/24,8.30647216
2015/11/25,8.058960018
2015/11/26,7.87245515
2015/11/27,8.195333667
2015/11/28,7.591357047
2015/11/29,8.021584533
2015/11/30,12.14967159
2015/12/1,11.5230441
2015/12/2,8.711772646
2015/12/3,8.05610966
2015/12/4,8.08147504
2015/12/5,7.458762692
2015/12/6,8.014004995
2015/12/7,8.496786382
2015/12/8,7.98104976
2015/12/9,7.777792626
2015/12/10,8.260234292
2015/12/11,7.866338923
2015/12/12,7.310550159
2015/12/13,7.718240952
2015/12/14,8.319473692
2015/12/15,8.236685323
2015/12/16,7.807510042
2015/12/17,7.591861715
2015/12/18,7.528869257
2015/12/19,7.171656823
2015/12/20,7.891330758
2015/12/21,8.360071436
2015/12/22,8.110427238
2015/12/23,7.775275846
2015/12/24,7.347299701
2015/12/25,7.301822342
2015/12/26,7.120444372
2015/12/27,8.878776072
2015/12/28,9.250618218
2015/12/29,9.247925132
2015/12/30,8.391403185
2015/12/31,8.004699511
2016/1/1,7.589335823
2016/1/2,7.825245291
2016/1/3,8.249313746
2016/1/4,9.295140974
2016/1/5,8.568266462
2016/1/6,8.352554369
2016/1/7,8.295798111
2016/1/8,8.290292591
2016/1/9,7.785720897
2016/1/10,8.28172399
2016/1/11,8.470730317
2016/1/12,8.135053909
2016/1/13,8.06714904
2016/1/14,8.023552392
2016/1/15,8.021912779
2016/1/16,7.817222786
2016/1/17,9.273878393
2016/1/18,10.33377535
2016/1/19,9.125871215
2016/1/20,8.891374009
